-- =============================================================
-- 由 content/ 產生嘅 public.benefits 種子（Batch B）
-- 先執行 supabase/benefits_schema.sql，再執行本檔。
-- generated_at: 2026-07-24T02:29:06.022Z · benefits: 32
-- =============================================================

-- taxonomy
insert into public.benefit_categories (code, name_zh, name_en, icon, sort) values ('student_assistance', '中小學及幼稚園學生資助', 'Primary/Secondary & Kindergarten Student Assistance', '🎒', 10) on conflict (code) do nothing;
insert into public.benefit_categories (code, name_zh, name_en, icon, sort) values ('postsecondary', '專上學生資助', 'Postsecondary Student Financial Assistance', '🎓', 20) on conflict (code) do nothing;
insert into public.benefit_categories (code, name_zh, name_en, icon, sort) values ('adult_learning', '成人及持續進修', 'Adult Learning & Continuing Education', '📚', 30) on conflict (code) do nothing;
insert into public.benefit_categories (code, name_zh, name_en, icon, sort) values ('housing', '房屋及公共房屋', 'Housing & Public Housing', '🏠', 40) on conflict (code) do nothing;
insert into public.benefit_categories (code, name_zh, name_en, icon, sort) values ('family_child', '家庭及兒童支援', 'Family & Child Support', '👶', 50) on conflict (code) do nothing;
insert into public.benefit_categories (code, name_zh, name_en, icon, sort) values ('disability', '殘疾支援', 'Disability Support', '♿', 60) on conflict (code) do nothing;
insert into public.benefit_categories (code, name_zh, name_en, icon, sort) values ('elderly', '長者支援服務', 'Elderly Support Services', '👵', 70) on conflict (code) do nothing;
insert into public.benefit_categories (code, name_zh, name_en, icon, sort) values ('employment', '就業及再培訓', 'Employment & Retraining', '💼', 80) on conflict (code) do nothing;
insert into public.benefit_categories (code, name_zh, name_en, icon, sort) values ('tax', '稅務寬減及免稅額', 'Tax Benefits & Allowances', '🧾', 90) on conflict (code) do nothing;
insert into public.benefit_categories (code, name_zh, name_en, icon, sort) values ('healthcare', '醫療支援', 'Healthcare Support', '🩺', 100) on conflict (code) do nothing;
insert into public.benefit_categories (code, name_zh, name_en, icon, sort) values ('carer', '照顧者支援', 'Carer Support', '🤝', 110) on conflict (code) do nothing;
insert into public.benefit_categories (code, name_zh, name_en, icon, sort) values ('rehab_community', '復康及社區照顧', 'Rehabilitation & Community Care', '🧑‍🦽', 120) on conflict (code) do nothing;
insert into public.benefit_categories (code, name_zh, name_en, icon, sort) values ('social_security', '社會保障（綜援 / 津貼）', 'Social Security (CSSA / Allowances)', '🛟', 130) on conflict (code) do nothing;
insert into public.life_events (code, name_zh, name_en, sort) values ('new_baby', '新生嬰兒', 'New Baby', 10) on conflict (code) do nothing;
insert into public.life_events (code, name_zh, name_en, sort) values ('kindergarten', '子女入讀幼稚園', 'Child entering Kindergarten', 20) on conflict (code) do nothing;
insert into public.life_events (code, name_zh, name_en, sort) values ('primary_school', '子女入讀小學', 'Primary School', 30) on conflict (code) do nothing;
insert into public.life_events (code, name_zh, name_en, sort) values ('secondary_school', '子女入讀中學', 'Secondary School', 40) on conflict (code) do nothing;
insert into public.life_events (code, name_zh, name_en, sort) values ('university', '入讀大學 / 專上', 'University / Postsecondary', 50) on conflict (code) do nothing;
insert into public.life_events (code, name_zh, name_en, sort) values ('adult_study', '成人進修', 'Adult wants to study', 60) on conflict (code) do nothing;
insert into public.life_events (code, name_zh, name_en, sort) values ('job_seeking', '搵工', 'Looking for a job', 70) on conflict (code) do nothing;
insert into public.life_events (code, name_zh, name_en, sort) values ('unemployed', '最近失業', 'Recently unemployed', 80) on conflict (code) do nothing;
insert into public.life_events (code, name_zh, name_en, sort) values ('low_income', '低收入家庭', 'Low-income family', 90) on conflict (code) do nothing;
insert into public.life_events (code, name_zh, name_en, sort) values ('single_parent', '單親家庭', 'Single-parent family', 100) on conflict (code) do nothing;
insert into public.life_events (code, name_zh, name_en, sort) values ('marriage', '結婚', 'Marriage', 110) on conflict (code) do nothing;
insert into public.life_events (code, name_zh, name_en, sort) values ('divorce', '離婚', 'Divorce', 120) on conflict (code) do nothing;
insert into public.life_events (code, name_zh, name_en, sort) values ('first_home', '首次置業', 'Buying first home', 130) on conflict (code) do nothing;
insert into public.life_events (code, name_zh, name_en, sort) values ('public_housing', '申請公屋', 'Applying for public housing', 140) on conflict (code) do nothing;
insert into public.life_events (code, name_zh, name_en, sort) values ('hospital_discharge', '家人出院', 'Family member discharged from hospital', 150) on conflict (code) do nothing;
insert into public.life_events (code, name_zh, name_en, sort) values ('long_term_care', '長期護理需要', 'Need long-term elderly care', 160) on conflict (code) do nothing;
insert into public.life_events (code, name_zh, name_en, sort) values ('disability_diagnosed', '確診殘疾', 'Disability diagnosed', 170) on conflict (code) do nothing;
insert into public.life_events (code, name_zh, name_en, sort) values ('cancer_treatment', '癌症治療', 'Cancer treatment', 180) on conflict (code) do nothing;
insert into public.life_events (code, name_zh, name_en, sort) values ('retirement', '退休', 'Retirement', 190) on conflict (code) do nothing;
insert into public.life_events (code, name_zh, name_en, sort) values ('move_guangdong', '移居廣東', 'Moving to Guangdong', 200) on conflict (code) do nothing;
insert into public.life_events (code, name_zh, name_en, sort) values ('move_fujian', '移居福建', 'Moving to Fujian', 210) on conflict (code) do nothing;

-- benefits (denormalized authoritative rows)
insert into public.benefits (id, slug, name_zh, name_en, department, category_code, purpose, target_beneficiaries, summary, suitable_for, not_suitable_for, eligibility, means_test, residency_requirement, income_requirement, asset_requirement, age_requirement, employment_requirement, student_requirement, application_method, online_url, form_url, guidance_url, faq_url, processing_time, renewal, appeal, contact_phone, contact_email, official_url, source_url, last_updated, status, active, disclaimer, audience, steps, documents, forms, sources, faq, rules, related_slugs, life_events, match_rule, facets, knowledge_doc) values ('c1000000-0000-0000-0000-000000000004', 'child-development-fund', '兒童發展基金', 'Child Development Fund (CDF)', '勞工及福利局 / 社會福利署', 'family_child', '為弱勢社群兒童提供更多元化嘅發展機會，減少跨代貧窮。', '來自低收入家庭嘅兒童及青少年。', '透過個人發展規劃、師友配對及目標儲蓄，幫低收入家庭嘅兒童累積資產同拓寬視野。', '來自低收入家庭（如領綜援或全額學生資助）嘅指定年齡兒童。', '家庭收入超出資助界線，或年齡不符計劃要求嘅兒童。', '["一般對象為指定年齡（約 10–16 歲）嘅兒童（確實年齡以計劃為準）","來自低收入家庭，例如正領取綜援或全額書簿津貼／學生資助","由參與計劃嘅非政府機構營辦，須經該機構報名參加","須參與個人發展規劃、師友計劃及目標儲蓄"]'::jsonb, '以低收入家庭為對象（如綜援或全額學生資助），具體界線以計劃公布為準。', null, null, null, '指定年齡兒童（以計劃公布為準）。', null, null, '經參與計劃嘅非政府機構報名。', null, 'https://www.cdf.gov.hk/tc/', null, null, null, null, null, '3902 0201', null, 'https://www.cdf.gov.hk/tc/', 'https://www.cdf.gov.hk/tc/', '2026-07-08', 'needs_review', true, '本系統只幫你整理資料及估計，不代表政府已批准申請。最終批核以政府部門公佈為準。請以官方連結最新資料為準。', '["low_income","student"]'::jsonb, '[{"order":1,"text":"第一步：睇下你屋企係咪低收入、小朋友年齡啱唔啱。"},{"order":2,"text":"第二步：搵營辦計劃嘅社福機構了解詳情。"},{"order":3,"text":"第三步：向機構報名參加。"},{"order":4,"text":"第四步：參與個人發展規劃、師友配對同目標儲蓄。"},{"order":5,"text":"第五步：完成計劃，累積到嘅儲蓄可用於發展目標。"}]'::jsonb, '[{"key":"applicant_id","label":"申請人及兒童身份證明","required":true},{"key":"income_proof","label":"家庭入息證明或綜援 / 學生資助證明","required":true}]'::jsonb, '[{"name":"兒童發展基金頁面","type":"link","url":"https://www.cdf.gov.hk/tc/"}]'::jsonb, '[{"url":"https://www.cdf.gov.hk/tc/","title":"兒童發展基金 官方網站"}]'::jsonb, '[]'::jsonb, '[{"field":"on_cssa_or_full_grant","operator":"equals","value":true,"source_url":"https://www.cdf.gov.hk/tc/","confidence":"medium","needs_review":true}]'::jsonb, '["cssa-student-support"]'::jsonb, '["low_income"]'::jsonb, '{"meansTested":true}'::jsonb, '{"means_tested":true,"income_tested":true,"household_type":["low_income"],"tags":["child","family"]}'::jsonb, null) on conflict (id) do nothing;
insert into public.benefit_life_events (benefit_id, life_event_code) values ('c1000000-0000-0000-0000-000000000004', 'low_income') on conflict do nothing;
insert into public.benefits (id, slug, name_zh, name_en, department, category_code, purpose, target_beneficiaries, summary, suitable_for, not_suitable_for, eligibility, means_test, residency_requirement, income_requirement, asset_requirement, age_requirement, employment_requirement, student_requirement, application_method, online_url, form_url, guidance_url, faq_url, processing_time, renewal, appeal, contact_phone, contact_email, official_url, source_url, last_updated, status, active, disclaimer, audience, steps, documents, forms, sources, faq, rules, related_slugs, life_events, match_rule, facets, knowledge_doc) values ('eeeeeeee-eeee-eeee-eeee-eeeeeeeeeeee', 'community-care-service-voucher', '長者社區照顧服務券', 'Community Care Service Voucher for the Elderly (CCSV)', '社會福利署', 'rehab_community', '俾身體機能有中度或以上缺損嘅長者一張服務券，可以揀日間中心或上門嘅照顧服務。費用按家庭收入分擔。', '身體機能較弱、需要日間或家居照顧，想自己揀服務嘅長者。', '俾身體機能有中度或以上缺損嘅長者一張服務券，可以揀日間中心或上門嘅照顧服務。費用按家庭收入分擔。', '身體機能較弱、需要日間或家居照顧，想自己揀服務嘅長者。', '身體健壯、暫時唔需要照顧服務嘅長者。', '["經「安老服務統一評估機制」評估並建議接受社區照顧或院舍照顧服務","正在「中央輪候冊」輪候資助長期護理服務","現時並未接受任何院舍照顧或任何資助社區照顧服務","費用按家庭經濟狀況共同分擔","官方以評估結果及輪候狀況界定資格，並無單獨列明最低年齡；以社署為準"]'::jsonb, null, null, null, null, null, null, null, null, null, 'https://www.swd.gov.hk/tc/pubsvc/elderly/cat_commcare/psccsv/', null, null, null, null, null, '2343 2255', null, 'https://www.swd.gov.hk/tc/pubsvc/elderly/cat_commcare/psccsv/', 'https://www.swd.gov.hk/tc/pubsvc/elderly/cat_commcare/psccsv/', '2026-06-01', 'needs_review', true, '本系統只幫你整理資料及估計，不代表政府已批准申請。最終批核以政府部門公佈為準。請以官方連結最新資料為準。', '["elderly","disability","low_income"]'::jsonb, '[{"order":1,"text":"第一步：睇下長者身體機能係咪需要照顧。"},{"order":2,"text":"第二步：搵社工安排「安老服務統一評估」。"},{"order":3,"text":"第三步：評估合資格就會編配服務券。"},{"order":4,"text":"第四步：揀一間認可服務單位用服務券。"},{"order":5,"text":"第五步：按家庭收入付返一部分費用。"}]'::jsonb, '[{"key":"applicant_id","label":"申請人身份證","required":true},{"key":"age_proof","label":"年齡證明（身份證）","required":true},{"key":"address_proof","label":"住址證明","required":true},{"key":"income_proof","label":"入息證明","required":true},{"key":"disability_proof","label":"殘疾 / 醫療證明","required":true}]'::jsonb, '[{"name":"申請表 / 申請方式","type":"link","url":"https://www.swd.gov.hk/tc/pubsvc/elderly/cat_commcare/psccsv/"}]'::jsonb, '[{"url":"https://www.swd.gov.hk/tc/pubsvc/elderly/cat_commcare/psccsv/","title":"長者社區照顧服務券 官方頁面"}]'::jsonb, '[]'::jsonb, '[]'::jsonb, '[]'::jsonb, '["long_term_care"]'::jsonb, '{"requiresElderly":true,"minAgeBand":"65_69","meansTested":true,"maxIncomeBand":"30k_40k","medicalRelated":true,"boostLivingAlone":true}'::jsonb, '{"means_tested":true,"income_tested":true,"asset_tested":false,"age_min":65,"disability":true,"student":false,"elderly":true,"tags":["elderly","disability","low_income"]}'::jsonb, 'community_care_service_voucher.md') on conflict (id) do nothing;
insert into public.benefit_life_events (benefit_id, life_event_code) values ('eeeeeeee-eeee-eeee-eeee-eeeeeeeeeeee', 'long_term_care') on conflict do nothing;
insert into public.benefits (id, slug, name_zh, name_en, department, category_code, purpose, target_beneficiaries, summary, suitable_for, not_suitable_for, eligibility, means_test, residency_requirement, income_requirement, asset_requirement, age_requirement, employment_requirement, student_requirement, application_method, online_url, form_url, guidance_url, faq_url, processing_time, renewal, appeal, contact_phone, contact_email, official_url, source_url, last_updated, status, active, disclaimer, audience, steps, documents, forms, sources, faq, rules, related_slugs, life_events, match_rule, facets, knowledge_doc) values ('c1000000-0000-0000-0000-000000000001', 'continuing-education-fund', '持續進修基金', 'Continuing Education Fund (CEF)', '在學資助處 · 持續進修基金辦事處（WFSFAA）', 'adult_learning', '資助合資格人士修讀合資格嘅持續進修及培訓課程嘅部分學費。', '想進修增值嘅成年香港居民。', '政府資助成年人進修，發還部分課程學費，設終身資助上限（金額以官方為準）。', '年滿 18 歲、想報讀合資格持續進修課程嘅香港居民。', '所報讀課程並非「合資格課程資料網」載列嘅合資格課程。', '["年滿 18 歲並持有效香港身份證","報讀「合資格課程資料網」載列嘅合資格課程","須符合課程出席率及評核要求方可申請發還款項","設終身資助上限（金額及發還比例以官方最新公布為準）"]'::jsonb, '毋須入息審查（非經濟審查資助）。', '須為香港居民（詳情以官方為準）。', null, null, '年滿 18 歲。', null, null, '完成課程後向持續進修基金辦事處申請發還款項。', null, 'https://www.wfsfaa.gov.hk/cef/tc/index.htm', null, null, null, null, null, '3142 2277', null, 'https://www.wfsfaa.gov.hk/cef/tc/index.htm', 'https://www.wfsfaa.gov.hk/cef/tc/index.htm', '2026-07-08', 'needs_review', true, '本系統只幫你整理資料及估計，不代表政府已批准申請。最終批核以政府部門公佈為準。請以官方連結最新資料為準。', '["other"]'::jsonb, '[{"order":1,"text":"第一步：睇下你想讀嘅課程係咪合資格課程。"},{"order":2,"text":"第二步：報讀並完成課程，保留學費收據同成績。"},{"order":3,"text":"第三步：喺限期內遞交發還款項申請。"},{"order":4,"text":"第四步：等基金辦事處審核。"},{"order":5,"text":"第五步：批咗會發還部分學費。"}]'::jsonb, '[{"key":"applicant_id","label":"申請人身份證","required":true}]'::jsonb, '[{"name":"持續進修基金頁面","type":"link","url":"https://www.wfsfaa.gov.hk/cef/tc/index.htm"}]'::jsonb, '[{"url":"https://www.wfsfaa.gov.hk/cef/tc/index.htm","title":"持續進修基金 官方頁面"}]'::jsonb, '[]'::jsonb, '[{"field":"age","operator":"gte","value":18,"source_url":"https://www.wfsfaa.gov.hk/cef/tc/index.htm","confidence":"medium","needs_review":true}]'::jsonb, '[]'::jsonb, '["adult_study","job_seeking"]'::jsonb, '{"meansTested":false}'::jsonb, '{"means_tested":false,"age_min":18,"tags":["adult_learning"]}'::jsonb, null) on conflict (id) do nothing;
insert into public.benefit_life_events (benefit_id, life_event_code) values ('c1000000-0000-0000-0000-000000000001', 'adult_study') on conflict do nothing;
insert into public.benefit_life_events (benefit_id, life_event_code) values ('c1000000-0000-0000-0000-000000000001', 'job_seeking') on conflict do nothing;
insert into public.benefits (id, slug, name_zh, name_en, department, category_code, purpose, target_beneficiaries, summary, suitable_for, not_suitable_for, eligibility, means_test, residency_requirement, income_requirement, asset_requirement, age_requirement, employment_requirement, student_requirement, application_method, online_url, form_url, guidance_url, faq_url, processing_time, renewal, appeal, contact_phone, contact_email, official_url, source_url, last_updated, status, active, disclaimer, audience, steps, documents, forms, sources, faq, rules, related_slugs, life_events, match_rule, facets, knowledge_doc) values ('d2000000-0000-0000-0000-00000000000b', 'criminal-law-enforcement-injuries-compensation', '暴力及執法傷亡賠償計劃', 'Criminal and Law Enforcement Injuries Compensation Scheme (CLEIC)', '社會福利署（社會保障）', 'social_security', '為因暴力罪行受傷，或因執法人員執行職務時使用武器而受傷嘅人士（或死亡個案嘅受養人）提供經濟援助（無須經濟審查）。', '因暴力罪行或執法人員執行職務使用武器而受傷嘅人士，或有關死者嘅受養人。', '暴力及執法傷亡賠償計劃（CLEIC）為因暴力罪行受傷、或因執法人員（值勤警務人員或其他公職人員）執行職務使用武器而受傷嘅人士（或死亡個案嘅受養人）提供經濟援助，屬「無須經濟審查」計劃。每宗申請須符合：事件曾進行刑事法律程序，或已在無不合理延誤下向警方報案；傷者於事件發生時合法獲准留港；於事件發生後 3 年內提出申請；並因事件死亡、永久傷殘，或所受傷勢經註冊醫生 / 註冊中醫師證明須住院或病假不少於 3 天。', '因暴力罪行或執法使用武器受傷嘅人士，或有關死者受養人（無須經濟審查）。', '未曾報案 / 無刑事程序、逾 3 年申請期、事件發生時非合法留港，或傷勢未達門檻者。', '["受傷須因暴力罪行，或因執法人員（值勤警務人員或其他公職人員）執行職務時使用武器所致","事件曾成為刑事法律程序主題，或已在無不合理延誤下向警方報案","傷者於事件發生時須合法獲准留港","須於事件發生後 3 年內提出申請","傷者因事件死亡或永久傷殘；或傷勢經註冊醫生 / 註冊中醫師證明須住院或病假不少於 3 天","屬「無須經濟審查」計劃","⚠️ Needs Manual Review：賠償金額及各項細則以社會福利署最新公布為準"]'::jsonb, null, null, null, null, null, null, null, null, null, 'https://www.sssof.swd.gov.hk/eForm/eApplyCLEIC/Start?lang=en_US', null, null, null, null, null, '2343 2255', null, 'https://www.swd.gov.hk/en/pubsvc/socsecu/criminalan/', 'https://www.swd.gov.hk/en/pubsvc/socsecu/criminalan/', '2026-07-23', 'needs_review', true, '本系統只幫你整理資料及估計，不代表政府已批准申請。最終批核以政府部門公佈為準。請以官方連結最新資料為準。', '["other","disability"]'::jsonb, '[{"order":1,"text":"第一步：確認事件已報案或有刑事程序，並在 3 年申請期內。"},{"order":2,"text":"第二步：準備醫生／中醫證明及報案證明。"},{"order":3,"text":"第三步：於社署網頁下載並填妥 CLEIC 申請表（或用網上表格）。"},{"order":4,"text":"第四步：將申請交予暴力及執法傷亡賠償組（CLEIC Section）。"},{"order":5,"text":"第五步：接受審核，批核後領取賠償。"}]'::jsonb, '[{"key":"applicant_id","label":"申請人身份證","required":true},{"label":"醫生 / 中醫證明書（住院或病假證明）","required":true},{"label":"報案 / 刑事程序證明","required":true},{"key":"bank_account","label":"銀行戶口資料","required":true}]'::jsonb, '[{"name":"CLEIC 網上申請表","type":"link","url":"https://www.sssof.swd.gov.hk/eForm/eApplyCLEIC/Start?lang=en_US"}]'::jsonb, '[{"url":"https://www.swd.gov.hk/en/pubsvc/socsecu/criminalan/","title":"暴力及執法傷亡賠償計劃（官方頁面）","titleZh":"暴力及執法傷亡賠償計劃","titleEn":"Criminal and Law Enforcement Injuries Compensation Scheme","publisher":"Social Welfare Department","sourceType":"official_page","retrievedAt":"2026-07-23","lastCheckedAt":"2026-07-23","status":"active"},{"url":"https://www.swd.gov.hk/en/pubsvc/socsecu/ss_info/quickfind/qf_cleics/qf_cleics_ec/index.html","title":"CLEIC — 資格準則（官方頁面）","titleZh":"暴力及執法傷亡賠償計劃 — 資格準則","titleEn":"CLEIC — Eligibility Criteria","publisher":"Social Welfare Department","sourceType":"official_page","retrievedAt":"2026-07-23","lastCheckedAt":"2026-07-23","status":"active"},{"url":"https://www.sssof.swd.gov.hk/eForm/eApplyCLEIC/Start?lang=en_US","title":"CLEIC 網上申請表（官方申請頁面）","titleZh":"暴力及執法傷亡賠償計劃 網上申請表","titleEn":"CLEIC Application Form","publisher":"Social Welfare Department","sourceType":"application_page","retrievedAt":"2026-07-23","lastCheckedAt":"2026-07-23","status":"active"}]'::jsonb, '[]'::jsonb, '[]'::jsonb, '["traffic-accident-victims-assistance","disability-allowance"]'::jsonb, '["hospital_discharge","disability_diagnosed"]'::jsonb, '{"meansTested":false}'::jsonb, '{"means_tested":false,"income_tested":false,"asset_tested":false,"disability":true,"student":false,"elderly":false,"tags":["social_security","injury","compensation","non_means_tested"]}'::jsonb, null) on conflict (id) do nothing;
insert into public.benefit_life_events (benefit_id, life_event_code) values ('d2000000-0000-0000-0000-00000000000b', 'hospital_discharge') on conflict do nothing;
insert into public.benefit_life_events (benefit_id, life_event_code) values ('d2000000-0000-0000-0000-00000000000b', 'disability_diagnosed') on conflict do nothing;
insert into public.benefits (id, slug, name_zh, name_en, department, category_code, purpose, target_beneficiaries, summary, suitable_for, not_suitable_for, eligibility, means_test, residency_requirement, income_requirement, asset_requirement, age_requirement, employment_requirement, student_requirement, application_method, online_url, form_url, guidance_url, faq_url, processing_time, renewal, appeal, contact_phone, contact_email, official_url, source_url, last_updated, status, active, disclaimer, audience, steps, documents, forms, sources, faq, rules, related_slugs, life_events, match_rule, facets, knowledge_doc) values ('d2000000-0000-0000-0000-000000000005', 'cssa-scheme', '綜合社會保障援助（綜援）計劃', 'Comprehensive Social Security Assistance (CSSA) Scheme', '社會福利署（社會保障）', 'social_security', '透過入息及資產審查嘅現金援助，為經濟上無法自給嘅個人及家庭提供安全網，應付生活基本需要。', '香港居民中，個人或家庭經濟上無法自給、並通過入息及資產審查者（包括長者、殘疾人士、單親、失業、低收入等）。', '綜合社會保障援助（綜援）計劃以入息及資產審查方式，為經濟上無法自給嘅個人及家庭提供現金援助，應付生活基本需要。援助一般包括標準金額（按不同類別，如長者、殘疾、健全成人及兒童）、各項補助金及特別津貼。與家人同住者須以「住戶」為單位申請，計算全部家庭成員嘅入息及資產。', '經濟上無法自給、通過入息及資產審查嘅香港居民及其家庭。', '受《入境規例》第 115A 章逗留條件限制人士（如輸入勞工、訪客）不合資格；資產或入息超出上限者。', '["須符合居港規定（一般申請人須符合居港年期要求；未滿 18 歲嘅香港居民獲豁免居港規定）","須同時通過入息審查及資產審查","與其他家庭成員同住者，須以「住戶」為單位申請，計算全部同住家庭成員嘅入息及資產","受《入境規例》（第 115A 章）逗留條件限制人士（例如輸入勞工、訪客）不合資格","在特殊情況下，社會福利署署長可酌情向未符合居港規定人士批出綜援","援助包括標準金額、補助金及特別津貼等（實際金額按類別及個別情況而定）","⚠️ Needs Manual Review：各類標準金額、補助金、特別津貼、入息及資產限額每年調整，以官方最新公布為準"]'::jsonb, null, null, null, null, null, null, null, null, null, null, null, null, null, null, null, '2343 2255', null, 'https://www.swd.gov.hk/en/pubsvc/socsecu/comprehens/cssa/', 'https://www.swd.gov.hk/en/pubsvc/socsecu/comprehens/cssa/', '2026-07-23', 'needs_review', true, '本系統只幫你整理資料及估計，不代表政府已批准申請。最終批核以政府部門公佈為準。請以官方連結最新資料為準。', '["low_income","elderly","disability"]'::jsonb, '[{"order":1,"text":"第一步：初步了解你 / 你嘅住戶入息及資產是否可能通過審查。"},{"order":2,"text":"第二步：準備所有同住家庭成員嘅身份證、住址、入息及資產證明。"},{"order":3,"text":"第三步：聯絡居住地區嘅社會保障辦事處（可電話、傳真、電郵、郵寄、網上表格或親身）遞交申請。"},{"order":4,"text":"第四步：接受入息及資產審查及面談（如需要）。"},{"order":5,"text":"第五步：批核後按月領取援助金。"}]'::jsonb, '[{"key":"applicant_id","label":"申請人及同住家庭成員身份證","required":true},{"key":"address_proof","label":"住址證明","required":true},{"key":"income_proof","label":"住戶入息證明","required":true},{"key":"asset_proof","label":"資產證明（銀行結單等）","required":true},{"key":"bank_account","label":"銀行戶口資料","required":true}]'::jsonb, '[]'::jsonb, '[{"url":"https://www.swd.gov.hk/en/pubsvc/socsecu/comprehens/cssa/","title":"綜合社會保障援助（綜援）計劃（官方頁面）","titleZh":"綜合社會保障援助（綜援）計劃","titleEn":"Comprehensive Social Security Assistance (CSSA) Scheme","publisher":"Social Welfare Department","sourceType":"official_page","retrievedAt":"2026-07-23","lastCheckedAt":"2026-07-23","status":"active"},{"url":"https://www.swd.gov.hk/en/pubsvc/socsecu/comprehens/cssa/cssa_ec/cssa_ec_rr/index.html","title":"綜援 — 居港規定（官方頁面）","titleZh":"綜援 — 居港規定","titleEn":"CSSA — Residence Requirement","publisher":"Social Welfare Department","sourceType":"official_page","retrievedAt":"2026-07-23","lastCheckedAt":"2026-07-23","status":"active"},{"url":"https://www.swd.gov.hk/storage/asset/section/179/en/CSSAG102023(Eng).pdf","title":"綜援計劃指南（官方指引）","titleZh":"綜合社會保障援助計劃指南","titleEn":"A Guide to Comprehensive Social Security Assistance","publisher":"Social Welfare Department","sourceType":"guidance_note","retrievedAt":"2026-07-23","lastCheckedAt":"2026-07-23","status":"active"}]'::jsonb, '[]'::jsonb, '[]'::jsonb, '["working-family-allowance","cssa-student-support"]'::jsonb, '["low_income","unemployed","single_parent"]'::jsonb, '{"meansTested":true,"maxIncomeBand":"below_10k","maxAssetBand":"low"}'::jsonb, '{"means_tested":true,"income_tested":true,"asset_tested":true,"disability":false,"student":false,"elderly":false,"tags":["social_security","low_income","safety_net"]}'::jsonb, null) on conflict (id) do nothing;
insert into public.benefit_life_events (benefit_id, life_event_code) values ('d2000000-0000-0000-0000-000000000005', 'low_income') on conflict do nothing;
insert into public.benefit_life_events (benefit_id, life_event_code) values ('d2000000-0000-0000-0000-000000000005', 'unemployed') on conflict do nothing;
insert into public.benefit_life_events (benefit_id, life_event_code) values ('d2000000-0000-0000-0000-000000000005', 'single_parent') on conflict do nothing;
insert into public.benefits (id, slug, name_zh, name_en, department, category_code, purpose, target_beneficiaries, summary, suitable_for, not_suitable_for, eligibility, means_test, residency_requirement, income_requirement, asset_requirement, age_requirement, employment_requirement, student_requirement, application_method, online_url, form_url, guidance_url, faq_url, processing_time, renewal, appeal, contact_phone, contact_email, official_url, source_url, last_updated, status, active, disclaimer, audience, steps, documents, forms, sources, faq, rules, related_slugs, life_events, match_rule, facets, knowledge_doc) values ('55555555-5555-5555-5555-555555555555', 'cssa-student-support', '綜援學生相關支援', 'Comprehensive Social Security Assistance (Student-related)', '社會福利署', 'social_security', '已領取綜援嘅家庭，子女讀書嘅學習津貼通常已經包喺綜援度，毋須另外申請書簿等津貼。', '正領取綜援、有在學子女嘅家庭。', '已領取綜援嘅家庭，子女讀書嘅學習津貼通常已經包喺綜援度，毋須另外申請書簿等津貼。', '正領取綜援、有在學子女嘅家庭。', '未領取綜援嘅家庭（應改為申請學生資助計劃）。', '["家庭正領取綜合社會保障援助（綜援）","符合居港規定（一般須成為香港居民滿 1 年及居港滿 1 年；未滿 18 歲人士可獲豁免）","通過入息及資產審查（以整個住戶為單位計算）","有就讀由幼兒中心至中學嘅在學子女","學校相關開支（書簿、車船、上網費、就學津貼等）由社署按綜援個案發放","綜援家庭毋須（亦不可）就同一項目另向學生資助處申請"]'::jsonb, null, null, null, null, null, null, null, null, null, 'https://www.swd.gov.hk/tc/pubsvc/socsecu/comprehens/cssa/', null, null, null, null, null, '2343 2255', null, 'https://www.swd.gov.hk/tc/pubsvc/socsecu/comprehens/cssa/', 'https://www.swd.gov.hk/tc/pubsvc/socsecu/comprehens/cssa/', '2026-06-01', 'needs_review', true, '本系統只幫你整理資料及估計，不代表政府已批准申請。最終批核以政府部門公佈為準。請以官方連結最新資料為準。', '["low_income","student"]'::jsonb, '[{"order":1,"text":"第一步：確認你屋企正領緊綜援。"},{"order":2,"text":"第二步：準備綜援文件、學生證明、身份證。"},{"order":3,"text":"第三步：向你個案嘅社會保障部職員講有在學子女。"},{"order":4,"text":"第四步：交學生相關證明俾社會福利署。"},{"order":5,"text":"第五步：學習津貼會隨綜援一齊發放。"}]'::jsonb, '[{"key":"applicant_id","label":"申請人身份證","required":true},{"key":"student_id","label":"學生身份證 / 出世紙","required":true},{"key":"student_proof","label":"學生證明（學校信 / 收生紙）","required":true},{"key":"cssa_proof","label":"綜援證明（如適用）","required":true},{"key":"bank_account","label":"銀行戶口資料","required":true}]'::jsonb, '[{"name":"申請表 / 申請方式","type":"link","url":"https://www.swd.gov.hk/tc/pubsvc/socsecu/comprehens/cssa/"}]'::jsonb, '[{"url":"https://www.swd.gov.hk/tc/pubsvc/socsecu/comprehens/cssa/","title":"綜援學生相關支援 官方頁面"}]'::jsonb, '[]'::jsonb, '[]'::jsonb, '[]'::jsonb, '["low_income","unemployed","single_parent"]'::jsonb, '{"requiresCssa":true,"boostSen":true,"boostSingleParent":true}'::jsonb, '{"means_tested":true,"income_tested":false,"asset_tested":false,"age_min":null,"disability":false,"student":true,"elderly":false,"tags":["low_income","student"]}'::jsonb, 'cssa_student_support.md') on conflict (id) do nothing;
insert into public.benefit_life_events (benefit_id, life_event_code) values ('55555555-5555-5555-5555-555555555555', 'low_income') on conflict do nothing;
insert into public.benefit_life_events (benefit_id, life_event_code) values ('55555555-5555-5555-5555-555555555555', 'unemployed') on conflict do nothing;
insert into public.benefit_life_events (benefit_id, life_event_code) values ('55555555-5555-5555-5555-555555555555', 'single_parent') on conflict do nothing;
insert into public.benefits (id, slug, name_zh, name_en, department, category_code, purpose, target_beneficiaries, summary, suitable_for, not_suitable_for, eligibility, means_test, residency_requirement, income_requirement, asset_requirement, age_requirement, employment_requirement, student_requirement, application_method, online_url, form_url, guidance_url, faq_url, processing_time, renewal, appeal, contact_phone, contact_email, official_url, source_url, last_updated, status, active, disclaimer, audience, steps, documents, forms, sources, faq, rules, related_slugs, life_events, match_rule, facets, knowledge_doc) values ('aaaaaaaa-aaaa-aaaa-aaaa-aaaaaaaaaaaa', 'disability-allowance', '傷殘津貼', 'Disability Allowance', '社會福利署（社會保障）', 'disability', '俾經評估為嚴重殘疾嘅香港居民嘅每月現金津貼，唔使入息審查。分普通同高額兩種。', '經醫生評估為嚴重殘疾嘅人士（任何年齡）。', '俾經評估為嚴重殘疾嘅香港居民嘅每月現金津貼，唔使入息審查。分普通同高額兩種。', '經醫生評估為嚴重殘疾嘅人士（任何年齡）。', '未經評估、或殘疾程度未達標準嘅人士。', '["經衞生署署長或醫院管理局行政總裁證明為「嚴重殘疾」（傷殘情況預計持續最少 6 個月）","成為香港居民滿 7 年並在申請前連續居港滿 1 年（未滿 18 歲申請人可獲豁免居港年期規定）","毋須入息或資產審查（免審查）","並非同時領取其他社會保障津貼或綜援","高額傷殘津貼：另須經證明日常生活需要他人經常照顧，且並非在受資助院舍／公立醫院等接受照顧","領款期間須繼續居於香港；被羈押或入住懲教院所期間不可領取"]'::jsonb, null, null, null, null, null, null, null, null, null, 'https://www.swd.gov.hk/tc/pubsvc/socsecu/ssallowance/ssa_app/index.html', null, null, null, null, null, '2343 2255', null, 'https://www.swd.gov.hk/tc/pubsvc/socsecu/ssallowance/ssaec/ssaec_nda/index.html', 'https://www.swd.gov.hk/tc/pubsvc/socsecu/ssallowance/ssaec/ssaec_nda/index.html', '2026-06-01', 'verified', true, '本系統只幫你整理資料及估計，不代表政府已批准申請。最終批核以政府部門公佈為準。請以官方連結最新資料為準。', '["disability"]'::jsonb, '[{"order":1,"text":"第一步：搵醫生做殘疾評估。"},{"order":2,"text":"第二步：準備身份證、住址證明同醫生證明。"},{"order":3,"text":"第三步：填傷殘津貼申請表。"},{"order":4,"text":"第四步：交俾社會福利署。"},{"order":5,"text":"第五步：批咗會每月過錢入你戶口。"}]'::jsonb, '[{"key":"applicant_id","label":"申請人身份證","required":true},{"key":"address_proof","label":"住址證明","required":true},{"key":"disability_proof","label":"殘疾 / 醫療證明","required":true},{"key":"bank_account","label":"銀行戶口資料","required":true}]'::jsonb, '[{"name":"申請表 / 申請方式","type":"link","url":"https://www.swd.gov.hk/tc/pubsvc/socsecu/ssallowance/ssa_app/index.html"}]'::jsonb, '[{"url":"https://www.swd.gov.hk/tc/pubsvc/socsecu/ssallowance/ssaec/ssaec_nda/index.html","title":"傷殘津貼 官方頁面"}]'::jsonb, '[]'::jsonb, '[]'::jsonb, '[]'::jsonb, '["disability_diagnosed"]'::jsonb, '{"requiresDisability":true,"meansTested":false,"boostLivingAlone":true}'::jsonb, '{"means_tested":false,"income_tested":false,"asset_tested":false,"age_min":null,"disability":true,"student":false,"elderly":false,"tags":["disability"]}'::jsonb, 'disability_allowance.md') on conflict (id) do nothing;
insert into public.benefit_life_events (benefit_id, life_event_code) values ('aaaaaaaa-aaaa-aaaa-aaaa-aaaaaaaaaaaa', 'disability_diagnosed') on conflict do nothing;
insert into public.benefits (id, slug, name_zh, name_en, department, category_code, purpose, target_beneficiaries, summary, suitable_for, not_suitable_for, eligibility, means_test, residency_requirement, income_requirement, asset_requirement, age_requirement, employment_requirement, student_requirement, application_method, online_url, form_url, guidance_url, faq_url, processing_time, renewal, appeal, contact_phone, contact_email, official_url, source_url, last_updated, status, active, disclaimer, audience, steps, documents, forms, sources, faq, rules, related_slugs, life_events, match_rule, facets, knowledge_doc) values ('b2b2b2b2-b2b2-b2b2-b2b2-b2b2b2b2b2b2', 'elderly-dental-assistance', '長者牙科服務資助計劃', 'Elderly Dental Assistance Programme', '社會福利署（關愛基金資助）', 'healthcare', '幫合資格長者免費或資助鑲牙同相關牙科治療，等佢哋食嘢同健康好啲。', '有需要脫牙、鑲牙，又正接受指定長者服務嘅長者。', '幫合資格長者免費或資助鑲牙同相關牙科治療，等佢哋食嘢同健康好啲。', '有需要脫牙、鑲牙，又正接受指定長者服務嘅長者。', '毋須牙科治療、或未符合指定服務條件嘅人士。', '["低收入長者，並符合其中一項：正領取長者生活津貼（即 65 歲或以上）；或屬社署資助家居照顧服務（IHCS／EHCCS）中收費第一或第二級別嘅使用者","並非正領取綜援，亦未曾受惠於「長者牙科外展服務」","每名合資格長者最多可接受服務兩次；第二次須年滿 75 歲且過去 5 年內未曾受惠","由指定服務單位安排申請","計劃由關愛基金資助；名額及詳情以官方為準"]'::jsonb, null, null, null, null, null, null, null, null, null, 'https://www.communitycarefund.hk/', null, null, null, null, null, '2343 2255', null, 'https://www.communitycarefund.hk/', 'https://www.communitycarefund.hk/', '2026-06-01', 'needs_review', true, '本系統只幫你整理資料及估計，不代表政府已批准申請。最終批核以政府部門公佈為準。請以官方連結最新資料為準。', '["elderly","low_income"]'::jsonb, '[{"order":1,"text":"第一步：睇下你係咪正用緊指定長者服務。"},{"order":2,"text":"第二步：向服務單位或社工查詢牙科資助。"},{"order":3,"text":"第三步：填申請表，安排牙科檢查。"},{"order":4,"text":"第四步：由認可牙醫提供鑲牙等治療。"},{"order":5,"text":"第五步：資助會直接減免治療費用。"}]'::jsonb, '[{"key":"applicant_id","label":"申請人身份證","required":true},{"key":"age_proof","label":"年齡證明（身份證）","required":true}]'::jsonb, '[{"name":"申請表 / 申請方式","type":"link","url":"https://www.communitycarefund.hk/"}]'::jsonb, '[{"url":"https://www.communitycarefund.hk/","title":"長者牙科服務資助計劃 官方頁面"}]'::jsonb, '[]'::jsonb, '[]'::jsonb, '[]'::jsonb, '["retirement","low_income"]'::jsonb, '{"requiresElderly":true,"minAgeBand":"65_69","medicalRelated":true,"meansTested":false}'::jsonb, '{"means_tested":false,"income_tested":false,"asset_tested":false,"age_min":65,"disability":false,"student":false,"elderly":true,"tags":["elderly","low_income"]}'::jsonb, 'elderly_dental_assistance.md') on conflict (id) do nothing;
insert into public.benefit_life_events (benefit_id, life_event_code) values ('b2b2b2b2-b2b2-b2b2-b2b2-b2b2b2b2b2b2', 'retirement') on conflict do nothing;
insert into public.benefit_life_events (benefit_id, life_event_code) values ('b2b2b2b2-b2b2-b2b2-b2b2-b2b2b2b2b2b2', 'low_income') on conflict do nothing;
insert into public.benefits (id, slug, name_zh, name_en, department, category_code, purpose, target_beneficiaries, summary, suitable_for, not_suitable_for, eligibility, means_test, residency_requirement, income_requirement, asset_requirement, age_requirement, employment_requirement, student_requirement, application_method, online_url, form_url, guidance_url, faq_url, processing_time, renewal, appeal, contact_phone, contact_email, official_url, source_url, last_updated, status, active, disclaimer, audience, steps, documents, forms, sources, faq, rules, related_slugs, life_events, match_rule, facets, knowledge_doc) values ('99999999-9999-9999-9999-999999999999', 'elderly-health-care-voucher', '長者醫療券', 'Elderly Health Care Voucher Scheme', '衞生署（醫療券計劃）', 'healthcare', '俾 65 歲或以上長者用嚟睇私家醫生、牙醫、中醫等基層醫療服務嘅醫療券。每年金額由政府公布。', '65 歲或以上、想睇私家基層醫療嘅長者。', '俾 65 歲或以上長者用嚟睇私家醫生、牙醫、中醫等基層醫療服務嘅醫療券。每年金額由政府公布。', '65 歲或以上、想睇私家基層醫療嘅長者。', '未夠 65 歲嘅人士。', '["年滿 65 歲","持有效香港身份證，或入境事務處簽發嘅有效豁免登記證明書","毋須入息或資產審查，亦無居港年期要求（非永久居民持有效證件亦合資格）","領取綜援或傷殘津貼人士仍可使用醫療券","憑年齡自動建立醫療券戶口，一般毋須另行申請","曾以已失效逗留許可取得香港身份證者不合資格"]'::jsonb, null, null, null, null, null, null, null, null, null, 'https://www.hcv.gov.hk/tc/hcvs/target_group.html', null, null, null, null, null, '2838 2311', null, 'https://www.hcv.gov.hk/tc/hcvs/background.html', 'https://www.hcv.gov.hk/tc/hcvs/background.html', '2026-06-01', 'verified', true, '本系統只幫你整理資料及估計，不代表政府已批准申請。最終批核以政府部門公佈為準。請以官方連結最新資料為準。', '["elderly"]'::jsonb, '[{"order":1,"text":"第一步：睇下你係咪夠 65 歲。"},{"order":2,"text":"第二步：帶身份證去睇已登記嘅醫生或牙醫。"},{"order":3,"text":"第三步：睇醫生時話用醫療券找數。"},{"order":4,"text":"第四步：系統會自動喺你戶口扣醫療券。"},{"order":5,"text":"第五步：唔使另外攞現金，直接抵扣診金。"}]'::jsonb, '[{"key":"applicant_id","label":"申請人身份證","required":true},{"key":"age_proof","label":"年齡證明（身份證）","required":true}]'::jsonb, '[{"name":"申請表 / 申請方式","type":"link","url":"https://www.hcv.gov.hk/tc/hcvs/target_group.html"}]'::jsonb, '[{"url":"https://www.hcv.gov.hk/tc/hcvs/background.html","title":"長者醫療券 官方頁面"}]'::jsonb, '[]'::jsonb, '[]'::jsonb, '[]'::jsonb, '["retirement"]'::jsonb, '{"requiresElderly":true,"minAgeBand":"65_69","medicalRelated":true,"meansTested":false}'::jsonb, '{"means_tested":false,"income_tested":false,"asset_tested":false,"age_min":65,"disability":false,"student":false,"elderly":true,"tags":["elderly"]}'::jsonb, 'elderly_health_care_voucher.md') on conflict (id) do nothing;
insert into public.benefit_life_events (benefit_id, life_event_code) values ('99999999-9999-9999-9999-999999999999', 'retirement') on conflict do nothing;
insert into public.benefits (id, slug, name_zh, name_en, department, category_code, purpose, target_beneficiaries, summary, suitable_for, not_suitable_for, eligibility, means_test, residency_requirement, income_requirement, asset_requirement, age_requirement, employment_requirement, student_requirement, application_method, online_url, form_url, guidance_url, faq_url, processing_time, renewal, appeal, contact_phone, contact_email, official_url, source_url, last_updated, status, active, disclaimer, audience, steps, documents, forms, sources, faq, rules, related_slugs, life_events, match_rule, facets, knowledge_doc) values ('d2000000-0000-0000-0000-000000000004', 'employment-programme-elderly-middle-aged', '中高齡就業計劃', 'Employment Programme for the Elderly and Middle-aged (EPEM)', '勞工處', 'employment', '鼓勵僱主聘用 40 歲或以上求職人士並提供在職培訓（OJT），協助中高齡人士就業。在職培訓津貼由勞工處發放予僱主；求職人士則透過受僱及培訓受惠。', '40 歲或以上、正在求職嘅中高齡人士；以及願意聘用及培訓佢哋嘅僱主。', '中高齡就業計劃（EPEM）由勞工處推行，鼓勵僱主聘用 40 歲或以上求職人士並提供在職培訓。津貼發放對象為僱主：聘用每名 60 歲或以上、失業或已離開職場嘅求職者，僱主可獲最高每月 $5,000、為期 6 至 12 個月嘅在職培訓津貼；聘用每名 40 至 59 歲失業求職者，可獲最高每月 $4,000、為期 3 至 6 個月。計劃涵蓋全職及兼職職位。', '40 歲或以上正在求職嘅人士（透過受僱及在職培訓受惠）；有意聘用中高齡員工嘅僱主。', '在職培訓津貼並非直接發放予求職人士，而係發放予符合條件嘅僱主；40 歲以下人士。', '["求職人士須年滿 40 歲或以上","僱主聘用每名 40 至 59 歲失業求職者：最高每月 $4,000 在職培訓津貼，為期 3 至 6 個月","僱主聘用每名 60 歲或以上失業／已離開職場求職者：最高每月 $5,000 在職培訓津貼，為期 6 至 12 個月","在職培訓期經勞工處批准，個別合適個案可分別延長至最多 6 個月及 12 個月","計劃涵蓋全職及兼職職位","⚠️ Needs Manual Review：津貼金額、培訓期、僱主及僱員資格條件以勞工處最新公布為準"]'::jsonb, null, null, null, null, null, null, null, null, null, null, null, null, null, null, null, '2969 0888', null, 'https://www.labour.gov.hk/eng/service/content.htm', 'https://www.labour.gov.hk/eng/public/pdf/eip/EPM_ER.pdf', '2026-07-23', 'needs_review', true, '本系統只幫你整理資料及估計，不代表政府已批准申請。最終批核以政府部門公佈為準。請以官方連結最新資料為準。', '["other"]'::jsonb, '[{"order":1,"text":"第一步：40 歲或以上求職人士可透過勞工處就業中心 / 互動就業服務登記求職。"},{"order":2,"text":"第二步：經勞工處配對合適職位（包括參與 EPEM 嘅僱主職位）。"},{"order":3,"text":"第三步：獲聘後由僱主提供在職培訓；僱主向勞工處申領在職培訓津貼。"},{"order":4,"text":"第四步：完成培訓期，穩定就業。"}]'::jsonb, '[{"key":"applicant_id","label":"求職人士身份證","required":true}]'::jsonb, '[]'::jsonb, '[{"url":"https://www.labour.gov.hk/eng/public/pdf/eip/EPM_ER.pdf","title":"中高齡就業計劃 — 僱主資料（官方單張）","titleZh":"中高齡就業計劃 — 僱主須知","titleEn":"Employment Programme for the Elderly and Middle-aged — For Employers","publisher":"Labour Department","sourceType":"guidance_note","retrievedAt":"2026-07-23","lastCheckedAt":"2026-07-23","status":"active"},{"url":"https://www.labour.gov.hk/eng/service/content.htm","title":"勞工處 — 就業服務（官方頁面）","titleZh":"勞工處 — 就業服務","titleEn":"Labour Department — Employment Services","publisher":"Labour Department","sourceType":"official_page","retrievedAt":"2026-07-23","lastCheckedAt":"2026-07-23","status":"active"}]'::jsonb, '[]'::jsonb, '[]'::jsonb, '["erb-training"]'::jsonb, '["job_seeking","unemployed"]'::jsonb, '{"meansTested":false}'::jsonb, '{"means_tested":false,"income_tested":false,"asset_tested":false,"age_min":40,"disability":false,"student":false,"elderly":false,"tags":["employment","middle_aged","elderly","job_seeking"]}'::jsonb, null) on conflict (id) do nothing;
insert into public.benefit_life_events (benefit_id, life_event_code) values ('d2000000-0000-0000-0000-000000000004', 'job_seeking') on conflict do nothing;
insert into public.benefit_life_events (benefit_id, life_event_code) values ('d2000000-0000-0000-0000-000000000004', 'unemployed') on conflict do nothing;
insert into public.benefits (id, slug, name_zh, name_en, department, category_code, purpose, target_beneficiaries, summary, suitable_for, not_suitable_for, eligibility, means_test, residency_requirement, income_requirement, asset_requirement, age_requirement, employment_requirement, student_requirement, application_method, online_url, form_url, guidance_url, faq_url, processing_time, renewal, appeal, contact_phone, contact_email, official_url, source_url, last_updated, status, active, disclaimer, audience, steps, documents, forms, sources, faq, rules, related_slugs, life_events, match_rule, facets, knowledge_doc) values ('c1000000-0000-0000-0000-000000000003', 'erb-training', '僱員再培訓局課程', 'Employees Retraining Board (ERB) Training Courses', '僱員再培訓局（ERB）', 'employment', '為有需要人士提供職業技能培訓及就業支援，協助就業或轉業。', '想學技能、搵工或轉工嘅成年香港居民。', '提供多元職業培訓課程（就業掛鈎及非就業掛鈎），部分課程設培訓津貼及就業跟進服務。', '15 歲或以上、副學位或以下學歷、想增值或搵工嘅香港居民。', '學歷或身分不符合個別課程要求嘅人士。', '["一般為年滿 15 歲、具副學位或以下學歷嘅香港居民","提供就業掛鈎（設出席及就業要求）及非就業掛鈎課程","部分全日制就業掛鈎課程設培訓津貼","個別課程嘅入讀資格、學費減免及津貼安排以僱員再培訓局公布為準"]'::jsonb, '一般毋須入息審查；個別津貼或有特定條件（以官方為準）。', null, null, null, '一般年滿 15 歲。', null, '副學位或以下學歷（個別課程另有要求）。', '向 ERB 委任嘅培訓機構報名。', null, 'https://www.erb.org/tc/', null, null, null, null, null, '182 182', null, 'https://www.erb.org/tc/', 'https://www.erb.org/tc/', '2026-07-08', 'needs_review', true, '本系統只幫你整理資料及估計，不代表政府已批准申請。最終批核以政府部門公佈為準。請以官方連結最新資料為準。', '["other","low_income"]'::jsonb, '[{"order":1,"text":"第一步：喺 ERB 課程一覽揀啱你嘅課程。"},{"order":2,"text":"第二步：確認入讀資格同上課地點。"},{"order":3,"text":"第三步：向培訓機構報名。"},{"order":4,"text":"第四步：完成課程，達到出席及評核要求。"},{"order":5,"text":"第五步：就業掛鈎課程可獲就業跟進及（如適用）培訓津貼。"}]'::jsonb, '[{"key":"applicant_id","label":"申請人身份證","required":true}]'::jsonb, '[{"name":"ERB 課程一覽","type":"link","url":"https://www.erb.org/tc/"}]'::jsonb, '[{"url":"https://www.erb.org/tc/","title":"僱員再培訓局 官方網站"}]'::jsonb, '[]'::jsonb, '[{"field":"age","operator":"gte","value":15,"source_url":"https://www.erb.org/tc/","confidence":"medium","needs_review":true}]'::jsonb, '["working-family-allowance"]'::jsonb, '["job_seeking","unemployed","adult_study"]'::jsonb, '{"meansTested":false}'::jsonb, '{"means_tested":false,"age_min":15,"employment_status":["unemployed","job_seeking","employed"],"tags":["employment","adult_learning"]}'::jsonb, null) on conflict (id) do nothing;
insert into public.benefit_life_events (benefit_id, life_event_code) values ('c1000000-0000-0000-0000-000000000003', 'job_seeking') on conflict do nothing;
insert into public.benefit_life_events (benefit_id, life_event_code) values ('c1000000-0000-0000-0000-000000000003', 'unemployed') on conflict do nothing;
insert into public.benefit_life_events (benefit_id, life_event_code) values ('c1000000-0000-0000-0000-000000000003', 'adult_study') on conflict do nothing;
insert into public.benefits (id, slug, name_zh, name_en, department, category_code, purpose, target_beneficiaries, summary, suitable_for, not_suitable_for, eligibility, means_test, residency_requirement, income_requirement, asset_requirement, age_requirement, employment_requirement, student_requirement, application_method, online_url, form_url, guidance_url, faq_url, processing_time, renewal, appeal, contact_phone, contact_email, official_url, source_url, last_updated, status, active, disclaimer, audience, steps, documents, forms, sources, faq, rules, related_slugs, life_events, match_rule, facets, knowledge_doc) values ('d2000000-0000-0000-0000-00000000000a', 'fasp-postsecondary', '專上學生資助計劃', 'Financial Assistance Scheme for Post-secondary Students (FASP)', '在職家庭及學生資助事務處（學生資助處）', 'postsecondary', '為修讀本地認可、自資專上課程（副學位或學位程度）嘅全日制學生提供入息審查資助（助學金及／或貸款）。', '修讀本地認可自資副學士 / 高級文憑 / 學士課程、並通過入息及資產審查嘅全日制學生。', '專上學生資助計劃（FASP）以入息審查方式，向修讀本地認可、自資專上課程（副學士、高級文憑或學士學位程度）嘅全日制學生提供助學金及／或貸款。資助水平由「入息審查」及「資產審查」兩層審查決定，按相應百分比計算最高助學金及貸款額。與資助專上課程（TSFS）不同：FASP 對象係自資課程學生。', '修讀本地認可自資副學位 / 學位全日制課程、家庭入息及資產通過審查嘅學生。', '修讀公帑資助課程者（應用 TSFS）；同一學年就同一課程已接受其他公帑資助學生資助者；未符合居港年期者。', '["修讀本地認可、自資嘅全日制專上課程（副學士 / 高級文憑等副學位，或學士學位程度）","「全日制」：面授課程每年不少於 450 課堂時數，或每年最少 30 學分（1 學分＝15 課堂時數）；非面授課程每年不少於 1,350 學習時數","須擁有香港居留權，或在課程開始前已連續居港滿三整年","同一學年就申請所涵蓋嘅課程，不得已接受其他公帑資助學生資助計劃嘅資助","資助額由「入息審查」及「資產審查」兩層means test 決定","⚠️ Needs Manual Review：每學年最高助學金 / 貸款額及審查機制以官方「資助額」頁面為準"]'::jsonb, null, null, null, null, null, null, null, null, null, 'https://www.wfsfaa.gov.hk/en/sfo/postsecondary/fasp/forms.php', null, null, null, null, null, '2152 9000', null, 'https://www.wfsfaa.gov.hk/en/sfo/postsecondary/fasp/overview.php', 'https://www.wfsfaa.gov.hk/en/sfo/postsecondary/fasp/overview.php', '2026-07-23', 'needs_review', true, '本系統只幫你整理資料及估計，不代表政府已批准申請。最終批核以政府部門公佈為準。請以官方連結最新資料為準。', '["student","low_income"]'::jsonb, '[{"order":1,"text":"第一步：確認你修讀嘅係本地認可自資全日制專上課程。"},{"order":2,"text":"第二步：準備身份證、課程證明、家庭入息及資產資料。"},{"order":3,"text":"第三步：向學生資助處遞交 FASP 申請。"},{"order":4,"text":"第四步：接受兩層入息及資產審查（一般於學生資助處確認收妥申請後約 2 個月內獲通知結果）。"},{"order":5,"text":"第五步：批出後領取助學金及／或貸款。"}]'::jsonb, '[{"key":"applicant_id","label":"申請人身份證","required":true},{"key":"student_proof","label":"自資課程學生身份 / 課程證明","required":true},{"key":"income_proof","label":"家庭成員入息證明","required":true},{"key":"asset_proof","label":"資產證明","required":true},{"key":"bank_account","label":"銀行戶口資料","required":true}]'::jsonb, '[{"name":"FASP 申請連結、表格及下載","type":"link","url":"https://www.wfsfaa.gov.hk/en/sfo/postsecondary/fasp/forms.php"}]'::jsonb, '[{"url":"https://www.wfsfaa.gov.hk/en/sfo/postsecondary/fasp/overview.php","title":"FASP 概覽（官方頁面）","titleZh":"專上學生資助計劃 — 概覽","titleEn":"FASP — Overview","publisher":"Working Family and Student Financial Assistance Agency","sourceType":"official_page","retrievedAt":"2026-07-23","lastCheckedAt":"2026-07-23","status":"active"},{"url":"https://www.wfsfaa.gov.hk/en/sfo/postsecondary/fasp/eligibility.php","title":"FASP 申請資格（官方頁面）","titleZh":"專上學生資助計劃 — 申請資格","titleEn":"FASP — Eligibility","publisher":"Working Family and Student Financial Assistance Agency","sourceType":"official_page","retrievedAt":"2026-07-23","lastCheckedAt":"2026-07-23","status":"active"},{"url":"https://www.wfsfaa.gov.hk/en/sfo/postsecondary/fasp/level.php","title":"FASP 資助額（官方頁面）","titleZh":"專上學生資助計劃 — 資助額","titleEn":"FASP — Level of Financial Assistance","publisher":"Working Family and Student Financial Assistance Agency","sourceType":"official_page","retrievedAt":"2026-07-23","lastCheckedAt":"2026-07-23","status":"active"}]'::jsonb, '[]'::jsonb, '[]'::jsonb, '["tsfs-postsecondary","nlsft-tertiary-loan"]'::jsonb, '["university","adult_study","low_income"]'::jsonb, '{"meansTested":true,"maxIncomeBand":"20k_30k"}'::jsonb, '{"means_tested":true,"income_tested":true,"asset_tested":true,"disability":false,"student":true,"elderly":false,"tags":["student","postsecondary","self_financing","low_income"]}'::jsonb, null) on conflict (id) do nothing;
insert into public.benefit_life_events (benefit_id, life_event_code) values ('d2000000-0000-0000-0000-00000000000a', 'university') on conflict do nothing;
insert into public.benefit_life_events (benefit_id, life_event_code) values ('d2000000-0000-0000-0000-00000000000a', 'adult_study') on conflict do nothing;
insert into public.benefit_life_events (benefit_id, life_event_code) values ('d2000000-0000-0000-0000-00000000000a', 'low_income') on conflict do nothing;
insert into public.benefits (id, slug, name_zh, name_en, department, category_code, purpose, target_beneficiaries, summary, suitable_for, not_suitable_for, eligibility, means_test, residency_requirement, income_requirement, asset_requirement, age_requirement, employment_requirement, student_requirement, application_method, online_url, form_url, guidance_url, faq_url, processing_time, renewal, appeal, contact_phone, contact_email, official_url, source_url, last_updated, status, active, disclaimer, audience, steps, documents, forms, sources, faq, rules, related_slugs, life_events, match_rule, facets, knowledge_doc) values ('a1a1a1a1-a1a1-a1a1-a1a1-a1a1a1a1a1a1', 'guangdong-fujian-scheme', '廣東計劃 / 福建計劃', 'Guangdong Scheme / Fujian Scheme', '社會福利署（社會保障）', 'social_security', '俾選擇移居廣東或福建嘅合資格香港長者，可以繼續每月領取高齡津貼（生果金），唔使返香港都收到。', '移居咗廣東或福建、又符合資格嘅香港長者。', '俾選擇移居廣東或福建嘅合資格香港長者，可以繼續每月領取高齡津貼（生果金），唔使返香港都收到。', '移居咗廣東或福建、又符合資格嘅香港長者。', '仍然長期居住香港嘅長者（應申請本地長者津貼）。', '["已移居或選擇居於廣東／福建","長者生活津貼須年滿 65 歲；高齡津貼須年滿 70 歲","成為香港居民滿 7 年並在申請前連續居港滿 1 年（1 年內離港不超過 90 日視為居港）","領款期間須持續居於廣東／福建（設許可離開日數限制）","並非同時領取其他社會保障津貼或綜援；如屬公屋租戶，離港前須交回單位","長者生活津貼申請人另須入息及資產不超過上限（高齡津貼則免審查）"]'::jsonb, null, null, null, null, null, null, null, null, null, 'https://www.swd.gov.hk/gds/doc/2026/GDS_and_FJS_Application_Form_internet__version_2026.pdf', null, null, null, null, null, '2343 2255', null, 'https://www.swd.gov.hk/gds/index.html', 'https://www.swd.gov.hk/gds/index.html', '2026-06-01', 'verified', true, '本系統只幫你整理資料及估計，不代表政府已批准申請。最終批核以政府部門公佈為準。請以官方連結最新資料為準。', '["elderly"]'::jsonb, '[{"order":1,"text":"第一步：睇下你係咪已移居或打算移居廣東或福建。"},{"order":2,"text":"第二步：準備身份證同銀行戶口資料。"},{"order":3,"text":"第三步：填廣東計劃或福建計劃申請表。"},{"order":4,"text":"第四步：交俾社會福利署。"},{"order":5,"text":"第五步：批咗會每月過錢入你戶口，唔使返港。"}]'::jsonb, '[{"key":"applicant_id","label":"申請人身份證","required":true},{"key":"age_proof","label":"年齡證明（身份證）","required":true},{"key":"bank_account","label":"銀行戶口資料","required":true}]'::jsonb, '[{"name":"申請表 / 申請方式","type":"link","url":"https://www.swd.gov.hk/gds/doc/2026/GDS_and_FJS_Application_Form_internet__version_2026.pdf"}]'::jsonb, '[{"url":"https://www.swd.gov.hk/gds/index.html","title":"廣東計劃 / 福建計劃 官方頁面"}]'::jsonb, '[]'::jsonb, '[]'::jsonb, '[]'::jsonb, '["retirement","move_guangdong","move_fujian"]'::jsonb, '{"requiresElderly":true,"minAgeBand":"65_69","meansTested":false}'::jsonb, '{"means_tested":false,"income_tested":false,"asset_tested":false,"age_min":65,"disability":false,"student":false,"elderly":true,"tags":["elderly"]}'::jsonb, 'guangdong_fujian_scheme.md') on conflict (id) do nothing;
insert into public.benefit_life_events (benefit_id, life_event_code) values ('a1a1a1a1-a1a1-a1a1-a1a1-a1a1a1a1a1a1', 'retirement') on conflict do nothing;
insert into public.benefit_life_events (benefit_id, life_event_code) values ('a1a1a1a1-a1a1-a1a1-a1a1-a1a1a1a1a1a1', 'move_guangdong') on conflict do nothing;
insert into public.benefit_life_events (benefit_id, life_event_code) values ('a1a1a1a1-a1a1-a1a1-a1a1-a1a1a1a1a1a1', 'move_fujian') on conflict do nothing;
insert into public.benefits (id, slug, name_zh, name_en, department, category_code, purpose, target_beneficiaries, summary, suitable_for, not_suitable_for, eligibility, means_test, residency_requirement, income_requirement, asset_requirement, age_requirement, employment_requirement, student_requirement, application_method, online_url, form_url, guidance_url, faq_url, processing_time, renewal, appeal, contact_phone, contact_email, official_url, source_url, last_updated, status, active, disclaimer, audience, steps, documents, forms, sources, faq, rules, related_slugs, life_events, match_rule, facets, knowledge_doc) values ('ffffffff-ffff-ffff-ffff-ffffffffffff', 'home-care-services', '家居照顧服務（綜合家居 / 改善家居及社區照顧）', 'Home Care & Community Care Services for the Elderly', '社會福利署', 'rehab_community', '上門幫長者處理日常生活，例如送飯、洗澡、清潔、陪診、簡單護理同復康，等佢哋可以繼續喺屋企安心生活。', '行動不便或需要人照顧、想留喺屋企生活嘅長者。', '上門幫長者處理日常生活，例如送飯、洗澡、清潔、陪診、簡單護理同復康，等佢哋可以繼續喺屋企安心生活。', '行動不便或需要人照顧、想留喺屋企生活嘅長者。', '已入住院舍、或完全可自理嘅長者。', '["年滿 60 歲，居於社區並非入住院舍","經「安老服務統一評估機制」或 interRAI 評估為體弱、輕度缺損或需要較高程度照顧，並獲建議接受相關服務","提供上門送飯、起居照顧、護理、復康、陪診等服務","殘疾人士或有社會需要嘅個人及家庭，須經社工轉介（家居支援服務）","2026 年 4 月 1 日起綜合家居照顧與改善家居及社區照顧服務合併及易名；費用按家庭經濟狀況釐定"]'::jsonb, null, null, null, null, null, null, null, null, null, 'https://www.swd.gov.hk/tc/pubsvc/elderly/cat_commcare/homebase_ccs/index.html', null, null, null, null, null, '2343 2255', null, 'https://www.swd.gov.hk/tc/pubsvc/elderly/cat_commcare/homebase_ccs/index.html', 'https://www.swd.gov.hk/tc/pubsvc/elderly/cat_commcare/homebase_ccs/index.html', '2026-06-01', 'verified', true, '本系統只幫你整理資料及估計，不代表政府已批准申請。最終批核以政府部門公佈為準。請以官方連結最新資料為準。', '["elderly","disability"]'::jsonb, '[{"order":1,"text":"第一步：睇下長者日常生活需唔需要人幫手。"},{"order":2,"text":"第二步：聯絡你區嘅長者中心或社工。"},{"order":3,"text":"第三步：接受需要評估。"},{"order":4,"text":"第四步：安排上門服務，例如送飯、洗澡、陪診。"},{"order":5,"text":"第五步：按需要定期跟進同調整服務。"}]'::jsonb, '[{"key":"applicant_id","label":"申請人身份證","required":true},{"key":"age_proof","label":"年齡證明（身份證）","required":true},{"key":"address_proof","label":"住址證明","required":true}]'::jsonb, '[{"name":"申請表 / 申請方式","type":"link","url":"https://www.swd.gov.hk/tc/pubsvc/elderly/cat_commcare/homebase_ccs/index.html"}]'::jsonb, '[{"url":"https://www.swd.gov.hk/tc/pubsvc/elderly/cat_commcare/homebase_ccs/index.html","title":"家居照顧服務（綜合家居 / 改善家居及社區照顧） 官方頁面"}]'::jsonb, '[]'::jsonb, '[]'::jsonb, '[]'::jsonb, '["long_term_care","hospital_discharge"]'::jsonb, '{"requiresElderly":true,"minAgeBand":"60_64","medicalRelated":true,"meansTested":false,"boostLivingAlone":true}'::jsonb, '{"means_tested":false,"income_tested":false,"asset_tested":false,"age_min":60,"disability":true,"student":false,"elderly":true,"tags":["elderly","disability"]}'::jsonb, 'home_care_services.md') on conflict (id) do nothing;
insert into public.benefit_life_events (benefit_id, life_event_code) values ('ffffffff-ffff-ffff-ffff-ffffffffffff', 'long_term_care') on conflict do nothing;
insert into public.benefit_life_events (benefit_id, life_event_code) values ('ffffffff-ffff-ffff-ffff-ffffffffffff', 'hospital_discharge') on conflict do nothing;
insert into public.benefits (id, slug, name_zh, name_en, department, category_code, purpose, target_beneficiaries, summary, suitable_for, not_suitable_for, eligibility, means_test, residency_requirement, income_requirement, asset_requirement, age_requirement, employment_requirement, student_requirement, application_method, online_url, form_url, guidance_url, faq_url, processing_time, renewal, appeal, contact_phone, contact_email, official_url, source_url, last_updated, status, active, disclaimer, audience, steps, documents, forms, sources, faq, rules, related_slugs, life_events, match_rule, facets, knowledge_doc) values ('d2000000-0000-0000-0000-000000000008', 'home-ownership-scheme', '居者有其屋計劃', 'Home Ownership Scheme (HOS)', '香港房屋委員會', 'housing', '由香港房屋委員會以低於市值嘅價格，出售資助出售單位（居屋），協助綠表及白表合資格人士置業。', '符合綠表（如公屋住戶）或白表（如私樓住戶、家庭入息及資產在限額內）資格、有意置業嘅人士及家庭。', '居者有其屋計劃（HOS）由香港房屋委員會推出，以低於市值價格出售資助出售單位。申請分「綠表」及「白表」兩類：綠表包括房委會公屋住戶、房協甲類出租屋邨住戶，以及持有效「綠表資格證明書」人士；白表包括居於私人樓宇人士、公屋／房協出租屋邨住戶嘅家庭成員，以及購入未滿 10 年嘅租者置其屋計劃單位業主。有關年齡、家庭組合、居港規定、入息及資產限額、業主權限制等詳細條件，由房委會在每次銷售計劃前公布。', '符合綠表或白表資格、有意以資助價置業嘅人士及家庭。', '不符合綠表 / 白表資格、或入息／資產超出白表限額、或擁有其他物業（視乎銷售計劃限制）嘅申請人。', '["綠表申請人：包括房委會公屋住戶、房協甲類出租屋邨住戶，及持有效「綠表資格證明書（只適用於購買居屋）」人士","白表申請人：包括居於私人樓宇人士、房委會公屋 / 房協出租屋邨住戶嘅家庭成員，及購入未滿 10 年嘅租者置其屋計劃（TPS）單位業主","白表設有家庭入息及資產限額（每次銷售計劃前由房委會公布）","詳細年齡、家庭組合、居港規定、入息 / 資產限額及物業擁有權限制，由房委會在每次銷售計劃前公布","設有「家有長者優先選樓計劃」及「家有初生優先揀樓計劃」等優先安排及名額","⚠️ Needs Manual Review：每期銷售計劃嘅入息 / 資產限額、售價、名額及揀樓安排以房委會該期公布為準"]'::jsonb, null, null, null, null, null, null, null, null, null, null, null, null, null, null, null, null, null, 'https://www.housingauthority.gov.hk/en/home-ownership/hos-flats/eligibility/index.html', 'https://www.housingauthority.gov.hk/en/home-ownership/hos-flats/eligibility/index.html', '2026-07-23', 'needs_review', true, '本系統只幫你整理資料及估計，不代表政府已批准申請。最終批核以政府部門公佈為準。請以官方連結最新資料為準。', '["low_income","other"]'::jsonb, '[{"order":1,"text":"第一步：確認你屬綠表定白表申請人。"},{"order":2,"text":"第二步：留意房委會公布嘅居屋銷售計劃（HOS）及申請期。"},{"order":3,"text":"第三步：按該期公布嘅入息 / 資產限額及條件遞交申請。"},{"order":4,"text":"第四步：抽籤 / 排序後按次序揀樓。"},{"order":5,"text":"第五步：完成買賣手續，注意轉售限制及補價安排。"}]'::jsonb, '[{"key":"applicant_id","label":"申請人及家庭成員身份證","required":true},{"key":"address_proof","label":"住址證明","required":true},{"key":"income_proof","label":"家庭入息證明（白表）","required":true},{"key":"asset_proof","label":"資產證明（白表）","required":true}]'::jsonb, '[]'::jsonb, '[{"url":"https://www.housingauthority.gov.hk/en/home-ownership/hos-flats/eligibility/index.html","title":"居屋 — 申請資格（官方頁面）","titleZh":"居者有其屋計劃 — 申請資格","titleEn":"Home Ownership Scheme — Eligibility","publisher":"Hong Kong Housing Authority","sourceType":"official_page","retrievedAt":"2026-07-23","lastCheckedAt":"2026-07-23","status":"active"},{"url":"https://www.housingauthority.gov.hk/en/common/pdf/about-us/policy-focus/policies-on-public-housing/A06/A06.pdf","title":"公共房屋政策 — 第 6 章：居者有其屋計劃（官方政策文件）","titleZh":"公共房屋政策 — 第六章：居者有其屋計劃","titleEn":"Policies on Public Housing — Chapter 6: Home Ownership Scheme","publisher":"Hong Kong Housing Authority","sourceType":"guidance_note","retrievedAt":"2026-07-23","lastCheckedAt":"2026-07-23","status":"active"}]'::jsonb, '[]'::jsonb, '[]'::jsonb, '["public-rental-housing"]'::jsonb, '["first_home","public_housing"]'::jsonb, '{"meansTested":true}'::jsonb, '{"means_tested":true,"income_tested":true,"asset_tested":true,"disability":false,"student":false,"elderly":false,"tags":["housing","home_ownership","subsidised_sale"]}'::jsonb, null) on conflict (id) do nothing;
insert into public.benefit_life_events (benefit_id, life_event_code) values ('d2000000-0000-0000-0000-000000000008', 'first_home') on conflict do nothing;
insert into public.benefit_life_events (benefit_id, life_event_code) values ('d2000000-0000-0000-0000-000000000008', 'public_housing') on conflict do nothing;
insert into public.benefits (id, slug, name_zh, name_en, department, category_code, purpose, target_beneficiaries, summary, suitable_for, not_suitable_for, eligibility, means_test, residency_requirement, income_requirement, asset_requirement, age_requirement, employment_requirement, student_requirement, application_method, online_url, form_url, guidance_url, faq_url, processing_time, renewal, appeal, contact_phone, contact_email, official_url, source_url, last_updated, status, active, disclaimer, audience, steps, documents, forms, sources, faq, rules, related_slugs, life_events, match_rule, facets, knowledge_doc) values ('cccccccc-cccc-cccc-cccc-cccccccccccc', 'integrated-discharge-support-elderly', '離院長者綜合支援計劃（出院長者支援）', 'Integrated Discharge Support Programme for Elderly Patients (IDSP)', '社會福利署 / 醫院管理局', 'rehab_community', '長者出院後，喺屋企提供一段時間嘅過渡支援，例如家居照顧、復康、送飯、護理，幫佢哋順利返返屋企生活。', '啱啱喺醫院出院、返屋企後需要短期照顧或復康支援嘅長者。', '長者出院後，喺屋企提供一段時間嘅過渡支援，例如家居照顧、復康、送飯、護理，幫佢哋順利返返屋企生活。', '啱啱喺醫院出院、返屋企後需要短期照顧或復康支援嘅長者。', '毋須出院後照顧、或已入住院舍嘅長者。', '["為公立醫院嘅住院病人","年滿 60 歲","經醫院管理局「出院規劃小組」評估為出院後有較高非計劃再入院風險","不設入息審查，按臨床及照顧需要評估","由醫院、醫護或社工轉介，並無公開自行報名途徑"]'::jsonb, null, null, null, null, null, null, null, null, null, 'https://www.swd.gov.hk/tc/pubsvc/elderly/cat_commcare/', null, null, null, null, null, '2343 2255', null, 'https://www.swd.gov.hk/tc/pubsvc/elderly/cat_commcare/', 'https://www.swd.gov.hk/tc/pubsvc/elderly/cat_commcare/', '2026-06-01', 'needs_review', true, '本系統只幫你整理資料及估計，不代表政府已批准申請。最終批核以政府部門公佈為準。請以官方連結最新資料為準。', '["elderly","disability"]'::jsonb, '[{"order":1,"text":"第一步：喺醫院出院前，同醫護或社工講你需要返屋企照顧。"},{"order":2,"text":"第二步：醫院會評估你嘅需要，再轉介去計劃。"},{"order":3,"text":"第三步：負責機構會聯絡你，安排上門支援。"},{"order":4,"text":"第四步：喺屋企接受一段時間嘅照顧、復康或送飯。"},{"order":5,"text":"第五步：情況穩定後，會轉介去長期社區服務。"}]'::jsonb, '[{"key":"applicant_id","label":"申請人身份證","required":true},{"key":"age_proof","label":"年齡證明（身份證）","required":true},{"key":"address_proof","label":"住址證明","required":true},{"key":"disability_proof","label":"殘疾 / 醫療證明","required":true}]'::jsonb, '[{"name":"申請表 / 申請方式","type":"link","url":"https://www.swd.gov.hk/tc/pubsvc/elderly/cat_commcare/"}]'::jsonb, '[{"url":"https://www.swd.gov.hk/tc/pubsvc/elderly/cat_commcare/","title":"離院長者綜合支援計劃（出院長者支援） 官方頁面"}]'::jsonb, '[]'::jsonb, '[]'::jsonb, '[]'::jsonb, '["hospital_discharge","long_term_care"]'::jsonb, '{"requiresElderly":true,"minAgeBand":"60_64","medicalRelated":true,"meansTested":false,"boostLivingAlone":true}'::jsonb, '{"means_tested":false,"income_tested":false,"asset_tested":false,"age_min":60,"disability":true,"student":false,"elderly":true,"tags":["elderly","disability"]}'::jsonb, 'integrated_discharge_support.md') on conflict (id) do nothing;
insert into public.benefit_life_events (benefit_id, life_event_code) values ('cccccccc-cccc-cccc-cccc-cccccccccccc', 'hospital_discharge') on conflict do nothing;
insert into public.benefit_life_events (benefit_id, life_event_code) values ('cccccccc-cccc-cccc-cccc-cccccccccccc', 'long_term_care') on conflict do nothing;
insert into public.benefits (id, slug, name_zh, name_en, department, category_code, purpose, target_beneficiaries, summary, suitable_for, not_suitable_for, eligibility, means_test, residency_requirement, income_requirement, asset_requirement, age_requirement, employment_requirement, student_requirement, application_method, online_url, form_url, guidance_url, faq_url, processing_time, renewal, appeal, contact_phone, contact_email, official_url, source_url, last_updated, status, active, disclaimer, audience, steps, documents, forms, sources, faq, rules, related_slugs, life_events, match_rule, facets, knowledge_doc) values ('33333333-3333-3333-3333-333333333333', 'internet-access-subsidy', '上網費津貼計劃', 'Subsidy Scheme for Internet Access Charges', '在學資助處（學生資助處）', 'student_assistance', '幫有學生嘅低收入家庭，補貼部分屋企上網費，方便網上學習。', '屋企有學生、需要上網做功課或網上學習嘅低收入家庭。', '幫有學生嘅低收入家庭，補貼部分屋企上網費，方便網上學習。', '屋企有學生、需要上網做功課或網上學習嘅低收入家庭。', '家庭收入較高、或者已無在學子女嘅家庭。', '["家庭有全日制就讀中小學或以下（或指定專上以下課程）嘅子女","申請人為家長或監護人；學生為未婚香港居民並具香港居留身份","每戶一年一次定額津貼","家庭須通過入息審查（獲發全額或半額資格證明書）","並非正領取綜援（綜援家庭嘅上網費由社署支付，不可同年重複領取）","若已從其他公私營機構或學校獲上網費資助則不合資格"]'::jsonb, null, null, null, null, null, null, null, null, null, 'https://www.wfsfaa.gov.hk/tc/sfo/primarysecondary/tt/procedures.php', null, null, null, null, null, '2802 2345', null, 'https://www.wfsfaa.gov.hk/tc/sfo/primarysecondary/tt/sia.php', 'https://www.wfsfaa.gov.hk/tc/sfo/primarysecondary/tt/sia.php', '2026-06-01', 'needs_review', true, '本系統只幫你整理資料及估計，不代表政府已批准申請。最終批核以政府部門公佈為準。請以官方連結最新資料為準。', '["student","low_income"]'::jsonb, '[{"order":1,"text":"第一步：睇下屋企有冇學生要上網學習。"},{"order":2,"text":"第二步：準備身份證、學生證明、住址證明、收入或綜援證明。"},{"order":3,"text":"第三步：填上網費津貼申請表。"},{"order":4,"text":"第四步：交俾學生資助處或指定機構。"},{"order":5,"text":"第五步：等通知，批咗會發放定額津貼。"}]'::jsonb, '[{"key":"applicant_id","label":"申請人身份證","required":true},{"key":"student_id","label":"學生身份證 / 出世紙","required":true},{"key":"student_proof","label":"學生證明（學校信 / 收生紙）","required":true},{"key":"address_proof","label":"住址證明","required":true},{"key":"income_proof","label":"入息證明","required":true},{"key":"bank_account","label":"銀行戶口資料","required":true}]'::jsonb, '[{"name":"申請表 / 申請方式","type":"link","url":"https://www.wfsfaa.gov.hk/tc/sfo/primarysecondary/tt/procedures.php"}]'::jsonb, '[{"url":"https://www.wfsfaa.gov.hk/tc/sfo/primarysecondary/tt/sia.php","title":"上網費津貼計劃 官方頁面"}]'::jsonb, '[]'::jsonb, '[]'::jsonb, '[]'::jsonb, '["kindergarten","primary_school","secondary_school","low_income"]'::jsonb, '{"gradeLevels":["kindergarten","primary","secondary"],"maxIncomeBand":"20k_30k","internetRelated":true,"boostNewArrival":true}'::jsonb, '{"means_tested":true,"income_tested":true,"asset_tested":false,"age_min":null,"disability":false,"student":true,"elderly":false,"tags":["student","low_income"]}'::jsonb, 'internet_subsidy.md') on conflict (id) do nothing;
insert into public.benefit_life_events (benefit_id, life_event_code) values ('33333333-3333-3333-3333-333333333333', 'kindergarten') on conflict do nothing;
insert into public.benefit_life_events (benefit_id, life_event_code) values ('33333333-3333-3333-3333-333333333333', 'primary_school') on conflict do nothing;
insert into public.benefit_life_events (benefit_id, life_event_code) values ('33333333-3333-3333-3333-333333333333', 'secondary_school') on conflict do nothing;
insert into public.benefit_life_events (benefit_id, life_event_code) values ('33333333-3333-3333-3333-333333333333', 'low_income') on conflict do nothing;
insert into public.benefits (id, slug, name_zh, name_en, department, category_code, purpose, target_beneficiaries, summary, suitable_for, not_suitable_for, eligibility, means_test, residency_requirement, income_requirement, asset_requirement, age_requirement, employment_requirement, student_requirement, application_method, online_url, form_url, guidance_url, faq_url, processing_time, renewal, appeal, contact_phone, contact_email, official_url, source_url, last_updated, status, active, disclaimer, audience, steps, documents, forms, sources, faq, rules, related_slugs, life_events, match_rule, facets, knowledge_doc) values ('44444444-4444-4444-4444-444444444444', 'kindergarten-fee-remission', '幼稚園及幼兒中心學費減免計劃', 'Kindergarten and Child Care Centre Fee Remission Scheme', '在學資助處（學生資助處）', 'student_assistance', '幫有幼稚園或幼兒中心小朋友嘅低收入家庭，減免部分學費。', '有就讀幼稚園或幼兒中心子女、收入較低嘅家庭。', '幫有幼稚園或幼兒中心小朋友嘅低收入家庭，減免部分學費。', '有就讀幼稚園或幼兒中心子女、收入較低嘅家庭。', '子女已升上小學或以上、或者收入超出上限嘅家庭。', '["子女就讀參加「幼稚園教育計劃」嘅非牟利幼稚園，或社署註冊嘅幼兒中心（全日制）","申請人為家長或監護人；子女為未婚香港居民並具香港居留身份","2026/27 學年：幼稚園學童須於 2026 年 8 月 31 日滿 2 歲 8 個月（即 2023 年 12 月 31 日或之前出生）","家庭須通過入息審查，可獲全免或半免學費","持訪客簽證、雙程證、學生簽證或其受養人不合資格"]'::jsonb, null, null, null, null, null, null, null, null, null, 'https://www.wfsfaa.gov.hk/tc/sfo/preprimary/kcfr/procedures.php', null, null, null, null, null, '2802 2345', null, 'https://www.wfsfaa.gov.hk/tc/sfo/preprimary/kcfr/overview.php', 'https://www.wfsfaa.gov.hk/tc/sfo/preprimary/kcfr/overview.php', '2026-06-01', 'needs_review', true, '本系統只幫你整理資料及估計，不代表政府已批准申請。最終批核以政府部門公佈為準。請以官方連結最新資料為準。', '["student","low_income"]'::jsonb, '[{"order":1,"text":"第一步：睇下你個小朋友係咪讀緊幼稚園或幼兒中心。"},{"order":2,"text":"第二步：準備身份證、出世紙、住址證明、收入證明。"},{"order":3,"text":"第三步：填學費減免申請表。"},{"order":4,"text":"第四步：交俾學生資助處。"},{"order":5,"text":"第五步：等通知，批咗會直接減學費。"}]'::jsonb, '[{"key":"applicant_id","label":"申請人身份證","required":true},{"key":"student_id","label":"學生身份證 / 出世紙","required":true},{"key":"student_proof","label":"學生證明（學校信 / 收生紙）","required":true},{"key":"address_proof","label":"住址證明","required":true},{"key":"income_proof","label":"入息證明","required":true},{"key":"bank_account","label":"銀行戶口資料","required":true}]'::jsonb, '[{"name":"申請表 / 申請方式","type":"link","url":"https://www.wfsfaa.gov.hk/tc/sfo/preprimary/kcfr/procedures.php"}]'::jsonb, '[{"url":"https://www.wfsfaa.gov.hk/tc/sfo/preprimary/kcfr/overview.php","title":"幼稚園及幼兒中心學費減免計劃 官方頁面"}]'::jsonb, '[]'::jsonb, '[]'::jsonb, '[]'::jsonb, '["new_baby","kindergarten","low_income"]'::jsonb, '{"gradeLevels":["kindergarten"],"maxIncomeBand":"30k_40k","boostSingleParent":true,"boostNewArrival":true}'::jsonb, '{"means_tested":true,"income_tested":true,"asset_tested":false,"age_min":null,"disability":false,"student":true,"elderly":false,"tags":["student","low_income"]}'::jsonb, 'kindergarten_fee_remission.md') on conflict (id) do nothing;
insert into public.benefit_life_events (benefit_id, life_event_code) values ('44444444-4444-4444-4444-444444444444', 'new_baby') on conflict do nothing;
insert into public.benefit_life_events (benefit_id, life_event_code) values ('44444444-4444-4444-4444-444444444444', 'kindergarten') on conflict do nothing;
insert into public.benefit_life_events (benefit_id, life_event_code) values ('44444444-4444-4444-4444-444444444444', 'low_income') on conflict do nothing;
insert into public.benefits (id, slug, name_zh, name_en, department, category_code, purpose, target_beneficiaries, summary, suitable_for, not_suitable_for, eligibility, means_test, residency_requirement, income_requirement, asset_requirement, age_requirement, employment_requirement, student_requirement, application_method, online_url, form_url, guidance_url, faq_url, processing_time, renewal, appeal, contact_phone, contact_email, official_url, source_url, last_updated, status, active, disclaimer, audience, steps, documents, forms, sources, faq, rules, related_slugs, life_events, match_rule, facets, knowledge_doc) values ('d2000000-0000-0000-0000-000000000003', 'nlsft-tertiary-loan', '全日制大專學生免入息審查貸款計劃', 'Non-means-tested Loan Scheme for Full-time Tertiary Students (NLSFT)', '在職家庭及學生資助事務處（學生資助處）', 'postsecondary', '為修讀認可全日制專上課程嘅學生提供「免入息審查」貸款，用嚟繳付學費。與資助專上課程學生資助計劃（TSFS）互補。以全數成本收回方式運作，須付利息及行政費。', '修讀認可全日制公帑資助專上課程、需要貸款繳付學費、但不想或不需要接受入息審查嘅學生。', '全日制大專學生免入息審查貸款計劃（NLSFT）為合資格全日制專上課程學生提供免入息審查貸款以繳付學費，與 TSFS 互補。貸款以「全數成本收回」方式運作：借款人須按提取貸款時嘅適用利率繳付利息，並須就每份申請及每個貸款戶口每學年繳付行政費，直至貸款及利息全數清還。設有終身貸款上限（與 NLSPS 合併計算）。', '修讀認可全日制專上課程、需要學費貸款嘅學生（不設入息審查）。', '想申請助學金（不用還款）者應考慮 TSFS；未符合居港年期或註冊要求者。', '["須於相關學年（例：2026/27）註冊為認可院校全日制專上課程學生，並修讀完全由公帑資助嘅學額","須擁有香港特別行政區居留權，或在課程開始前已連續居港滿三整年","不設入息審查（Non-means-tested）","貸款額最高可達該學年應繳學費總額，但受 NLSFT 與 NLSPS 合併終身貸款上限限制","以「全數成本收回」運作：須繳付按提取時適用利率累計嘅利息","每份申請及每個貸款戶口每學年須繳付行政費，直至貸款及利息全數清還","⚠️ Needs Manual Review：每學年申請截止日期、利率、行政費及終身貸款上限以官方最新公布為準"]'::jsonb, null, null, null, null, null, null, null, null, null, 'https://www.wfsfaa.gov.hk/sfo/en/postsecondary/nlsft/application/forms.htm', null, null, null, null, null, '2152 9000', null, 'https://www.wfsfaa.gov.hk/en/sfo/postsecondary/nlsft/overview.php', 'https://www.wfsfaa.gov.hk/en/sfo/postsecondary/nlsft/overview.php', '2026-07-23', 'needs_review', true, '本系統只幫你整理資料及估計，不代表政府已批准申請。最終批核以政府部門公佈為準。請以官方連結最新資料為準。', '["student","other"]'::jsonb, '[{"order":1,"text":"第一步：確認你係認可院校全日制公帑資助課程嘅註冊學生。"},{"order":2,"text":"第二步：睇清楚利息、行政費同終身貸款上限等條款。"},{"order":3,"text":"第三步：於學生資助處遞交 NLSFT 申請（留意每學年截止日期）。"},{"order":4,"text":"第四步：等候批核及提取貸款繳付學費。"},{"order":5,"text":"第五步：按計劃還款，直至貸款及利息全數清還。"}]'::jsonb, '[{"key":"applicant_id","label":"申請人身份證","required":true},{"key":"student_proof","label":"學生身份 / 課程註冊證明","required":true},{"key":"address_proof","label":"住址 / 居港年期證明（如適用）","required":true},{"key":"bank_account","label":"銀行戶口資料","required":true}]'::jsonb, '[{"name":"NLSFT 申請連結、表格及下載","type":"link","url":"https://www.wfsfaa.gov.hk/sfo/en/postsecondary/nlsft/application/forms.htm"}]'::jsonb, '[{"url":"https://www.wfsfaa.gov.hk/en/sfo/postsecondary/nlsft/overview.php","title":"NLSFT 概覽（官方頁面）","titleZh":"全日制大專學生免入息審查貸款計劃 — 概覽","titleEn":"NLSFT — Overview","publisher":"Working Family and Student Financial Assistance Agency","sourceType":"official_page","retrievedAt":"2026-07-23","lastCheckedAt":"2026-07-23","status":"active"},{"url":"https://www.wfsfaa.gov.hk/en/sfo/postsecondary/nlsft/eligibility.php","title":"NLSFT 申請資格（官方頁面）","titleZh":"全日制大專學生免入息審查貸款計劃 — 申請資格","titleEn":"NLSFT — Eligibility","publisher":"Working Family and Student Financial Assistance Agency","sourceType":"official_page","retrievedAt":"2026-07-23","lastCheckedAt":"2026-07-23","status":"active"},{"url":"https://www.wfsfaa.gov.hk/sfo/en/postsecondary/nlsft/general/loan_limit.htm","title":"NLSFT 最高貸款額及終身貸款上限（官方頁面）","titleZh":"全日制大專學生免入息審查貸款計劃 — 最高貸款額及終身貸款上限","titleEn":"NLSFT — Maximum Level of Loan Amount and Life-time Loan Limit","publisher":"Working Family and Student Financial Assistance Agency","sourceType":"official_page","retrievedAt":"2026-07-23","lastCheckedAt":"2026-07-23","status":"active"}]'::jsonb, '[]'::jsonb, '[]'::jsonb, '["tsfs-postsecondary"]'::jsonb, '["university","adult_study"]'::jsonb, '{"meansTested":false}'::jsonb, '{"means_tested":false,"income_tested":false,"asset_tested":false,"disability":false,"student":true,"elderly":false,"tags":["student","postsecondary","loan"]}'::jsonb, null) on conflict (id) do nothing;
insert into public.benefit_life_events (benefit_id, life_event_code) values ('d2000000-0000-0000-0000-000000000003', 'university') on conflict do nothing;
insert into public.benefit_life_events (benefit_id, life_event_code) values ('d2000000-0000-0000-0000-000000000003', 'adult_study') on conflict do nothing;
insert into public.benefits (id, slug, name_zh, name_en, department, category_code, purpose, target_beneficiaries, summary, suitable_for, not_suitable_for, eligibility, means_test, residency_requirement, income_requirement, asset_requirement, age_requirement, employment_requirement, student_requirement, application_method, online_url, form_url, guidance_url, faq_url, processing_time, renewal, appeal, contact_phone, contact_email, official_url, source_url, last_updated, status, active, disclaimer, audience, steps, documents, forms, sources, faq, rules, related_slugs, life_events, match_rule, facets, knowledge_doc) values ('88888888-8888-8888-8888-888888888888', 'old-age-allowance', '高齡津貼（生果金）', 'Old Age Allowance (OAA)', '社會福利署（社會保障）', 'social_security', '俾 70 歲或以上長者嘅每月現金津貼，唔使入息審查。金額每年由政府公布。', '70 歲或以上嘅香港長者。', '俾 70 歲或以上長者嘅每月現金津貼，唔使入息審查。金額每年由政府公布。', '70 歲或以上嘅香港長者。', '未夠 70 歲，或已領取長者生活津貼 / 綜援嘅長者。', '["年滿 70 歲","成為香港居民滿 7 年，並在申請前連續居港滿 1 年（1 年內離港不超過 90 日視為居港）","毋須入息或資產審查（免審查）","並非同時領取長者生活津貼、傷殘津貼或綜援","領款期間須繼續居於香港；被羈押或入住懲教院所期間不可領取"]'::jsonb, null, null, null, null, null, null, null, null, null, 'https://www.swd.gov.hk/tc/pubsvc/socsecu/ssallowance/ssa_app/index.html', null, null, null, null, null, '2343 2255', null, 'https://www.swd.gov.hk/tc/pubsvc/socsecu/ssallowance/ssaec/ssaec_oaa/index.html', 'https://www.swd.gov.hk/tc/pubsvc/socsecu/ssallowance/ssaec/ssaec_oaa/index.html', '2026-06-01', 'verified', true, '本系統只幫你整理資料及估計，不代表政府已批准申請。最終批核以政府部門公佈為準。請以官方連結最新資料為準。', '["elderly"]'::jsonb, '[{"order":1,"text":"第一步：睇下你係咪夠 70 歲。"},{"order":2,"text":"第二步：準備身份證同銀行戶口資料。"},{"order":3,"text":"第三步：填高齡津貼申請表。"},{"order":4,"text":"第四步：交俾社會福利署。"},{"order":5,"text":"第五步：批咗會每月過錢入你戶口。"}]'::jsonb, '[{"key":"applicant_id","label":"申請人身份證","required":true},{"key":"age_proof","label":"年齡證明（身份證）","required":true},{"key":"address_proof","label":"住址證明","required":true},{"key":"bank_account","label":"銀行戶口資料","required":true}]'::jsonb, '[{"name":"申請表 / 申請方式","type":"link","url":"https://www.swd.gov.hk/tc/pubsvc/socsecu/ssallowance/ssa_app/index.html"}]'::jsonb, '[{"url":"https://www.swd.gov.hk/tc/pubsvc/socsecu/ssallowance/ssaec/ssaec_oaa/index.html","title":"高齡津貼（生果金） 官方頁面"}]'::jsonb, '[]'::jsonb, '[]'::jsonb, '[]'::jsonb, '["retirement"]'::jsonb, '{"requiresElderly":true,"minAgeBand":"70_plus","excludeIfCssa":true,"meansTested":false}'::jsonb, '{"means_tested":false,"income_tested":false,"asset_tested":false,"age_min":70,"disability":false,"student":false,"elderly":true,"tags":["elderly"]}'::jsonb, 'old_age_allowance.md') on conflict (id) do nothing;
insert into public.benefit_life_events (benefit_id, life_event_code) values ('88888888-8888-8888-8888-888888888888', 'retirement') on conflict do nothing;
insert into public.benefits (id, slug, name_zh, name_en, department, category_code, purpose, target_beneficiaries, summary, suitable_for, not_suitable_for, eligibility, means_test, residency_requirement, income_requirement, asset_requirement, age_requirement, employment_requirement, student_requirement, application_method, online_url, form_url, guidance_url, faq_url, processing_time, renewal, appeal, contact_phone, contact_email, official_url, source_url, last_updated, status, active, disclaimer, audience, steps, documents, forms, sources, faq, rules, related_slugs, life_events, match_rule, facets, knowledge_doc) values ('77777777-7777-7777-7777-777777777777', 'old-age-living-allowance', '長者生活津貼', 'Old Age Living Allowance (OALA)', '社會福利署（社會保障）', 'social_security', '俾 65 歲或以上、收入同資產唔多嘅長者嘅每月現金津貼。金額同資產上限每年由政府公布，請以官方為準。', '65 歲或以上、收入及資產較少嘅長者。', '俾 65 歲或以上、收入同資產唔多嘅長者嘅每月現金津貼。金額同資產上限每年由政府公布，請以官方為準。', '65 歲或以上、收入及資產較少嘅長者。', '資產或收入超出上限、或正領取綜援嘅長者（唔可以同時領取）。', '["年滿 65 歲","成為香港居民滿 7 年，並在申請前連續居港滿 1 年（1 年內離港不超過 90 日視為居港）","每月入息及資產不超過上限（2026 年 2 月 1 日起：單身 入息 $10,900／資產 $415,000；夫婦 $16,680／$630,000）","並非同時領取高齡津貼（生果金）、傷殘津貼或綜援","領款期間須繼續居於香港；被羈押或入住懲教院所期間不可領取","已婚／同居者須一併申報配偶／同居伴侶嘅入息及資產，按「夫婦」上限計算"]'::jsonb, null, null, null, null, null, null, null, null, null, 'https://www.swd.gov.hk/tc/pubsvc/socsecu/ssallowance/ssa_app/index.html', null, null, null, null, null, '2343 2255', null, 'https://www.swd.gov.hk/tc/pubsvc/socsecu/ssallowance/ssaec/ssaec_oala/index.html', 'https://www.swd.gov.hk/tc/pubsvc/socsecu/ssallowance/ssaec/ssaec_oala/index.html', '2026-06-01', 'verified', true, '本系統只幫你整理資料及估計，不代表政府已批准申請。最終批核以政府部門公佈為準。請以官方連結最新資料為準。', '["elderly","low_income"]'::jsonb, '[{"order":1,"text":"第一步：睇下你係咪夠 65 歲。"},{"order":2,"text":"第二步：準備身份證、住址證明、收入同銀行結單。"},{"order":3,"text":"第三步：填長者生活津貼申請表。"},{"order":4,"text":"第四步：交俾社會福利署。"},{"order":5,"text":"第五步：批咗會每月過錢入你戶口。"}]'::jsonb, '[{"key":"applicant_id","label":"申請人身份證","required":true},{"key":"age_proof","label":"年齡證明（身份證）","required":true},{"key":"address_proof","label":"住址證明","required":true},{"key":"income_proof","label":"入息證明","required":true},{"key":"asset_proof","label":"資產證明（銀行結單）","required":true},{"key":"bank_account","label":"銀行戶口資料","required":true}]'::jsonb, '[{"name":"申請表 / 申請方式","type":"link","url":"https://www.swd.gov.hk/tc/pubsvc/socsecu/ssallowance/ssa_app/index.html"}]'::jsonb, '[{"url":"https://www.swd.gov.hk/tc/pubsvc/socsecu/ssallowance/ssaec/ssaec_oala/index.html","title":"長者生活津貼 官方頁面"}]'::jsonb, '[]'::jsonb, '[]'::jsonb, '[]'::jsonb, '["retirement","low_income"]'::jsonb, '{"requiresElderly":true,"minAgeBand":"65_69","maxAssetBand":"medium","maxIncomeBand":"10k_20k","excludeIfCssa":true,"meansTested":true,"boostLivingAlone":true}'::jsonb, '{"means_tested":true,"income_tested":true,"asset_tested":true,"age_min":65,"disability":false,"student":false,"elderly":true,"tags":["elderly","low_income"]}'::jsonb, 'old_age_living_allowance.md') on conflict (id) do nothing;
insert into public.benefit_life_events (benefit_id, life_event_code) values ('77777777-7777-7777-7777-777777777777', 'retirement') on conflict do nothing;
insert into public.benefit_life_events (benefit_id, life_event_code) values ('77777777-7777-7777-7777-777777777777', 'low_income') on conflict do nothing;
insert into public.benefits (id, slug, name_zh, name_en, department, category_code, purpose, target_beneficiaries, summary, suitable_for, not_suitable_for, eligibility, means_test, residency_requirement, income_requirement, asset_requirement, age_requirement, employment_requirement, student_requirement, application_method, online_url, form_url, guidance_url, faq_url, processing_time, renewal, appeal, contact_phone, contact_email, official_url, source_url, last_updated, status, active, disclaimer, audience, steps, documents, forms, sources, faq, rules, related_slugs, life_events, match_rule, facets, knowledge_doc) values ('dddddddd-dddd-dddd-dddd-dddddddddddd', 'personal-emergency-link', '平安鐘（個人緊急召援服務）', 'Personal Emergency Link Service', '社會福利署（服務由長者安居協會等營運）', 'elderly', '喺屋企裝一個緊急按鈕，長者一撳就有 24 小時服務中心幫手，遇到跌倒、唔舒服或危險可以即刻求助。有需要嘅長者可獲政府 / 關愛基金資助費用。', '獨居或日間獨自在家、想有多份安全保障嘅長者及殘疾人士。', '喺屋企裝一個緊急按鈕，長者一撳就有 24 小時服務中心幫手，遇到跌倒、唔舒服或危險可以即刻求助。有需要嘅長者可獲政府 / 關愛基金資助費用。', '獨居或日間獨自在家、想有多份安全保障嘅長者及殘疾人士。', '屋企長時間有人照顧、唔需要緊急召援嘅人士。', '["對象為獨居或缺乏照顧、有需要嘅長者及殘疾人士，提供 24 小時緊急支援","綜援緊急召援系統津貼：領綜援並年滿 65 歲、獨居或家人未能照顧者；或 60–64 歲經證明超過 50% 殘疾／有特定醫療情況者","資助計劃：由地區「關愛隊」識別及轉介嘅獨居／雙老長者及殘疾人士（限指定地區）","部分經濟有困難人士可獲政府／關愛基金資助服務費用","由認可服務機構（如長者安居協會）營運；詳細申請條件以官方及服務機構為準"]'::jsonb, null, null, null, null, null, null, null, null, null, 'https://www.schsa.org.hk/tc/', null, null, null, null, null, '2338 8312', null, 'https://www.swd.gov.hk/tc/pubsvc/elderly/cat_commcare/', 'https://www.swd.gov.hk/tc/pubsvc/elderly/cat_commcare/', '2026-06-01', 'needs_review', true, '本系統只幫你整理資料及估計，不代表政府已批准申請。最終批核以政府部門公佈為準。請以官方連結最新資料為準。', '["elderly","disability"]'::jsonb, '[{"order":1,"text":"第一步：睇下你係咪獨居或日頭自己一個喺屋企。"},{"order":2,"text":"第二步：聯絡長者安居協會或你區嘅長者中心。"},{"order":3,"text":"第三步：如經濟有困難，同時申請費用資助。"},{"order":4,"text":"第四步：職員上門幫你安裝平安鐘。"},{"order":5,"text":"第五步：有事撳掣，24 小時服務中心即刻幫你。"}]'::jsonb, '[{"key":"applicant_id","label":"申請人身份證","required":true},{"key":"age_proof","label":"年齡證明（身份證）","required":true},{"key":"address_proof","label":"住址證明","required":true},{"key":"income_proof","label":"入息證明","required":true}]'::jsonb, '[{"name":"申請表 / 申請方式","type":"link","url":"https://www.schsa.org.hk/tc/"}]'::jsonb, '[{"url":"https://www.swd.gov.hk/tc/pubsvc/elderly/cat_commcare/","title":"平安鐘（個人緊急召援服務） 官方頁面"}]'::jsonb, '[]'::jsonb, '[]'::jsonb, '[]'::jsonb, '["long_term_care","retirement"]'::jsonb, '{"requiresElderly":true,"minAgeBand":"60_64","meansTested":false,"boostLivingAlone":true}'::jsonb, '{"means_tested":false,"income_tested":false,"asset_tested":false,"age_min":60,"disability":true,"student":false,"elderly":true,"tags":["elderly","disability"]}'::jsonb, 'personal_emergency_link.md') on conflict (id) do nothing;
insert into public.benefit_life_events (benefit_id, life_event_code) values ('dddddddd-dddd-dddd-dddd-dddddddddddd', 'long_term_care') on conflict do nothing;
insert into public.benefit_life_events (benefit_id, life_event_code) values ('dddddddd-dddd-dddd-dddd-dddddddddddd', 'retirement') on conflict do nothing;
insert into public.benefits (id, slug, name_zh, name_en, department, category_code, purpose, target_beneficiaries, summary, suitable_for, not_suitable_for, eligibility, means_test, residency_requirement, income_requirement, asset_requirement, age_requirement, employment_requirement, student_requirement, application_method, online_url, form_url, guidance_url, faq_url, processing_time, renewal, appeal, contact_phone, contact_email, official_url, source_url, last_updated, status, active, disclaimer, audience, steps, documents, forms, sources, faq, rules, related_slugs, life_events, match_rule, facets, knowledge_doc) values ('c1000000-0000-0000-0000-000000000002', 'public-rental-housing', '公共租住房屋（公屋）', 'Public Rental Housing (PRH)', '香港房屋委員會 / 房屋署', 'housing', '為未能負擔私人住屋、有住屋需要嘅低收入家庭提供資助出租公屋。', '收入及資產有限、有住屋需要嘅香港居民家庭。', '為低收入家庭提供租金較平嘅公共出租房屋，須通過入息及資產審查並排隊輪候。', '收入及資產不超過上限、又有住屋需要嘅家庭。', '在香港擁有住宅物業，或收入／資產超出上限嘅家庭。', '["須通過家庭每月入息及總資產淨值審查（上限以房委會最新公布為準）","申請家庭一般須有指定比例成員在港住滿七年並仍居於香港","申請人年滿 18 歲","在申請及獲配房屋時，家庭成員不得在香港擁有住宅物業","須經中央輪候冊排隊輪候（一般家庭與長者／配額有不同安排）"]'::jsonb, '設家庭入息及總資產淨值上限，按家庭人數而定（以房委會公布為準）。', '指定比例家庭成員須在港住滿七年並仍居於香港（以官方為準）。', '每月入息不超過相應家庭人數上限。', '總資產淨值不超過相應家庭人數上限。', null, null, null, '向房屋署遞交公屋申請，經中央輪候冊輪候。', null, 'https://www.housingauthority.gov.hk/tc/flat-application/index.html', null, null, null, null, null, '2712 2712', null, 'https://www.housingauthority.gov.hk/tc/public-housing/index.html', 'https://www.housingauthority.gov.hk/tc/public-housing/index.html', '2026-07-08', 'needs_review', true, '本系統只幫你整理資料及估計，不代表政府已批准申請。最終批核以政府部門公佈為準。請以官方連結最新資料為準。', '["low_income"]'::jsonb, '[{"order":1,"text":"第一步：睇下你屋企收入同資產係咪喺上限之內。"},{"order":2,"text":"第二步：準備身份證、住址證明、入息同資產證明。"},{"order":3,"text":"第三步：填公屋申請表，交俾房屋署。"},{"order":4,"text":"第四步：排隊輪候，房署會安排資格審查及睇樓。"},{"order":5,"text":"第五步：通過審查並獲配單位後簽租約入住。"}]'::jsonb, '[{"key":"applicant_id","label":"申請人及家庭成員身份證","required":true},{"key":"address_proof","label":"住址證明","required":true},{"key":"income_proof","label":"入息證明","required":true},{"key":"asset_proof","label":"資產證明","required":true}]'::jsonb, '[{"name":"公屋申請","type":"link","url":"https://www.housingauthority.gov.hk/tc/flat-application/index.html"}]'::jsonb, '[{"url":"https://www.housingauthority.gov.hk/tc/public-housing/index.html","title":"香港房屋委員會 公共房屋"}]'::jsonb, '[]'::jsonb, '[{"field":"means_test_required","operator":"equals","value":true,"source_url":"https://www.housingauthority.gov.hk/tc/public-housing/index.html","confidence":"high"}]'::jsonb, '[]'::jsonb, '["public_housing","low_income"]'::jsonb, '{"meansTested":true,"maxIncomeBand":"30k_40k"}'::jsonb, '{"means_tested":true,"income_tested":true,"asset_tested":true,"housing_status":["renting","no_home"],"tags":["housing"]}'::jsonb, null) on conflict (id) do nothing;
insert into public.benefit_life_events (benefit_id, life_event_code) values ('c1000000-0000-0000-0000-000000000002', 'public_housing') on conflict do nothing;
insert into public.benefit_life_events (benefit_id, life_event_code) values ('c1000000-0000-0000-0000-000000000002', 'low_income') on conflict do nothing;
insert into public.benefits (id, slug, name_zh, name_en, department, category_code, purpose, target_beneficiaries, summary, suitable_for, not_suitable_for, eligibility, means_test, residency_requirement, income_requirement, asset_requirement, age_requirement, employment_requirement, student_requirement, application_method, online_url, form_url, guidance_url, faq_url, processing_time, renewal, appeal, contact_phone, contact_email, official_url, source_url, last_updated, status, active, disclaimer, audience, steps, documents, forms, sources, faq, rules, related_slugs, life_events, match_rule, facets, knowledge_doc) values ('bbbbbbbb-bbbb-bbbb-bbbb-bbbbbbbbbbbb', 'public-transport-subsidy', '公共交通費用補貼 / $2 乘車優惠', 'Public Transport Fare Subsidy / $2 Concessionary Fares', '勞工及福利局 / 運輸署', 'elderly', '$2 乘車優惠俾長者及合資格殘疾人士用優惠票價搭車船；公共交通費用補貼則幫返交通開支較高嘅市民。詳情及年齡以官方為準。', '長者、合資格殘疾人士，或每月交通開支較高嘅市民。', '$2 乘車優惠俾長者及合資格殘疾人士用優惠票價搭車船；公共交通費用補貼則幫返交通開支較高嘅市民。詳情及年齡以官方為準。', '長者、合資格殘疾人士，或每月交通開支較高嘅市民。', '不符合年齡 / 殘疾資格，而交通開支又唔高嘅人士。', '["$2 優惠：年滿 60 歲香港居民；或 60 歲以下、領綜援並評定為 100% 傷殘或領取傷殘津貼嘅殘疾人士","$2 優惠：長者須用樂悠咭、殘疾人士須用載有「殘疾人士身分」嘅個人八達通（現金或匿名長者八達通不適用）","$2 優惠不設入息審查，屬普及性優惠","公共交通費用補貼：任何市民不論年齡及入息，每月公共交通開支超出門檻即可受惠，無須申請","$2 優惠票價安排將於 2026 年 4 月 3 日起調整為「$2 劃一或 8 折」，以官方為準"]'::jsonb, null, null, null, null, null, null, null, null, null, 'https://www.ptfss.gov.hk/tc-main.html', null, null, null, null, null, '187 2333', null, 'https://www.td.gov.hk/tc/gov_public_transport_fare_concession/index.html', 'https://www.td.gov.hk/tc/gov_public_transport_fare_concession/index.html', '2026-06-01', 'needs_review', true, '本系統只幫你整理資料及估計，不代表政府已批准申請。最終批核以政府部門公佈為準。請以官方連結最新資料為準。', '["elderly","disability","low_income"]'::jsonb, '[{"order":1,"text":"第一步：睇下你係咪長者或合資格殘疾人士。"},{"order":2,"text":"第二步：申請 / 使用個人八達通或樂悠咭。"},{"order":3,"text":"第三步：搭車船時嘟卡，自動用優惠票價。"},{"order":4,"text":"第四步：交通費補貼會按你嘅實際車費計算。"},{"order":5,"text":"第五步：補貼會經指定途徑發放（詳情睇官方）。"}]'::jsonb, '[{"key":"applicant_id","label":"申請人身份證","required":true},{"key":"age_proof","label":"年齡證明（身份證）","required":true}]'::jsonb, '[{"name":"申請表 / 申請方式","type":"link","url":"https://www.ptfss.gov.hk/tc-main.html"}]'::jsonb, '[{"url":"https://www.td.gov.hk/tc/gov_public_transport_fare_concession/index.html","title":"公共交通費用補貼 / $2 乘車優惠 官方頁面"}]'::jsonb, '[]'::jsonb, '[]'::jsonb, '[]'::jsonb, '["retirement","disability_diagnosed"]'::jsonb, '{"travelRelated":true,"meansTested":false,"boostLivingAlone":true}'::jsonb, '{"means_tested":false,"income_tested":false,"asset_tested":false,"age_min":null,"disability":true,"student":false,"elderly":true,"tags":["elderly","disability","low_income"]}'::jsonb, 'public_transport_subsidy.md') on conflict (id) do nothing;
insert into public.benefit_life_events (benefit_id, life_event_code) values ('bbbbbbbb-bbbb-bbbb-bbbb-bbbbbbbbbbbb', 'retirement') on conflict do nothing;
insert into public.benefit_life_events (benefit_id, life_event_code) values ('bbbbbbbb-bbbb-bbbb-bbbb-bbbbbbbbbbbb', 'disability_diagnosed') on conflict do nothing;
insert into public.benefits (id, slug, name_zh, name_en, department, category_code, purpose, target_beneficiaries, summary, suitable_for, not_suitable_for, eligibility, means_test, residency_requirement, income_requirement, asset_requirement, age_requirement, employment_requirement, student_requirement, application_method, online_url, form_url, guidance_url, faq_url, processing_time, renewal, appeal, contact_phone, contact_email, official_url, source_url, last_updated, status, active, disclaimer, audience, steps, documents, forms, sources, faq, rules, related_slugs, life_events, match_rule, facets, knowledge_doc) values ('d2000000-0000-0000-0000-000000000007', 'residential-care-service-voucher', '長者院舍住宿照顧服務券計劃', 'Residential Care Service Voucher Scheme for the Elderly (RCSV)', '社會福利署', 'elderly', '以「錢跟使用者走」原則，為需要院舍照顧、正輪候資助長期護理服務嘅長者，提供多一個選擇，可用服務券向參與計劃嘅私營／自負盈虧安老院購買住宿照顧服務。', '經評估建議需要院舍照顧服務、並正輪候資助長期護理服務嘅長者。', '長者院舍住宿照顧服務券計劃（RCSV）採用「錢跟使用者走」原則，為長者提供院舍照顧多一個選擇。合資格長者須經社署「安老服務統一評估機制」評估並建議需要院舍照顧服務（RCS），並正於中央輪候冊輪候資助護理安老 / 護養院宿位。申請人須接受個人入息及資產審查以釐定其共同付款（co-payment）水平。長者可按需要額外自付最高相當於服務券面值 150% 嘅金額，購買額外服務。', '已獲評估建議院舍照顧、正輪候資助長期護理服務嘅長者。', '未經統一評估或未被建議院舍照顧服務嘅長者。', '["須經社會福利署「安老服務統一評估機制」評估，並獲建議需要院舍照顧服務（RCS）","須正於中央輪候冊（CWL）輪候資助長期護理服務（護理安老宿位或護養院宿位）","須接受個人入息及資產審查，以釐定共同付款（co-payment）水平","社署按中央輪候冊申請日期分批發出邀請信；獲邀長者可連同證明文件向服務券辦事處遞交申請","長者可額外自付最高相當於服務券面值 150% 嘅款項購買額外服務","⚠️ Needs Manual Review：服務券面值、共同付款分級及入息／資產計算以官方最新《邀請申請文件》為準"]'::jsonb, null, null, null, null, null, null, null, null, null, null, null, null, null, null, null, null, null, 'https://www.swd.gov.hk/en/pubsvc/elderly/cat_residentcare/psrcsv/', 'https://www.swd.gov.hk/en/pubsvc/elderly/cat_residentcare/psrcsv/', '2026-07-23', 'needs_review', true, '本系統只幫你整理資料及估計，不代表政府已批准申請。最終批核以政府部門公佈為準。請以官方連結最新資料為準。', '["elderly"]'::jsonb, '[{"order":1,"text":"第一步：經社署「安老服務統一評估機制」評估，並獲建議需要院舍照顧。"},{"order":2,"text":"第二步：於中央輪候冊輪候資助長期護理服務，等候社署邀請信。"},{"order":3,"text":"第三步：收到邀請後，連同入息及資產證明向服務券辦事處遞交申請。"},{"order":4,"text":"第四步：接受入息及資產審查，釐定共同付款水平。"},{"order":5,"text":"第五步：憑服務券向參與計劃嘅安老院購買住宿照顧服務（可按需要自付額外款項）。"}]'::jsonb, '[{"key":"applicant_id","label":"長者身份證","required":true},{"label":"統一評估 / 院舍照顧服務建議證明","required":true},{"key":"income_proof","label":"入息證明","required":true},{"key":"asset_proof","label":"資產證明","required":true}]'::jsonb, '[]'::jsonb, '[{"url":"https://www.swd.gov.hk/en/pubsvc/elderly/cat_residentcare/psrcsv/","title":"長者院舍住宿照顧服務券計劃（官方頁面）","titleZh":"長者院舍住宿照顧服務券計劃","titleEn":"Residential Care Service Voucher Scheme for the Elderly","publisher":"Social Welfare Department","sourceType":"official_page","retrievedAt":"2026-07-23","lastCheckedAt":"2026-07-23","status":"active"},{"url":"https://www.elderlyinfo.swd.gov.hk/en/rcsv_introduction.html","title":"長者資訊網 — 院舍住宿照顧服務券介紹（官方頁面）","titleZh":"長者資訊網 — 院舍住宿照顧服務券介紹","titleEn":"SWD Elderly Information Website — RCSV Introduction","publisher":"Social Welfare Department","sourceType":"official_page","retrievedAt":"2026-07-23","lastCheckedAt":"2026-07-23","status":"active"}]'::jsonb, '[]'::jsonb, '[]'::jsonb, '["community-care-service-voucher","home-care-services"]'::jsonb, '["long_term_care","retirement"]'::jsonb, '{"requiresElderly":true,"meansTested":true}'::jsonb, '{"means_tested":true,"income_tested":true,"asset_tested":true,"disability":false,"student":false,"elderly":true,"tags":["elderly","residential_care","voucher","long_term_care"]}'::jsonb, null) on conflict (id) do nothing;
insert into public.benefit_life_events (benefit_id, life_event_code) values ('d2000000-0000-0000-0000-000000000007', 'long_term_care') on conflict do nothing;
insert into public.benefit_life_events (benefit_id, life_event_code) values ('d2000000-0000-0000-0000-000000000007', 'retirement') on conflict do nothing;
insert into public.benefits (id, slug, name_zh, name_en, department, category_code, purpose, target_beneficiaries, summary, suitable_for, not_suitable_for, eligibility, means_test, residency_requirement, income_requirement, asset_requirement, age_requirement, employment_requirement, student_requirement, application_method, online_url, form_url, guidance_url, faq_url, processing_time, renewal, appeal, contact_phone, contact_email, official_url, source_url, last_updated, status, active, disclaimer, audience, steps, documents, forms, sources, faq, rules, related_slugs, life_events, match_rule, facets, knowledge_doc) values ('d2000000-0000-0000-0000-000000000009', 'salaries-tax-allowances-deductions', '薪俸稅免稅額及扣除', 'Salaries Tax Allowances and Deductions', '稅務局', 'tax', '透過薪俸稅 / 個人入息課稅下嘅免稅額及可扣除項目，減低應繳稅款。此為稅務寬減，並非現金津貼。', '須繳交薪俸稅或選擇個人入息課稅、並符合各項免稅額 / 扣除條件嘅納稅人。', '薪俸稅及個人入息課稅設有多項免稅額及可扣除項目，用以減低應繳稅款（屬稅務寬減，並非現金發放）。免稅額包括：基本免稅額、已婚人士免稅額、子女免稅額、供養父母 / 祖父母免稅額、單親免稅額、傷殘受養人免稅額、傷殘人士免稅額、供養兄弟姊妹免稅額。可扣除項目包括：認可慈善捐款、強積金強制性供款、個人進修開支、居所貸款利息、住宅租金扣除、長者住宿照顧開支、自願醫保計劃（VHIS）合資格保費、合資格延期年金保費及可扣稅強積金自願性供款、輔助生育服務開支等。以上項目透過填報周年報稅表（個別人士 BIR60）相關部分申索。', '有薪俸收入或選擇個人入息課稅、並符合相關免稅額 / 扣除條件嘅人士。', '並非現金津貼；不能減低稅款以外嘅開支；不符合個別免稅額 / 扣除條件者不能申索該項。', '["須為薪俸稅納稅人，或選擇以個人入息課稅方式評稅","免稅額：基本、已婚人士、子女、供養父母 / 祖父母、單親、傷殘受養人、傷殘人士、供養兄弟姊妹（各設個別條件）","扣除項目：認可慈善捐款、強積金強制性供款、個人進修開支、居所貸款利息、住宅租金、長者住宿照顧開支、自願醫保保費、合資格延期年金及可扣稅強積金自願性供款、輔助生育服務開支等","透過周年報稅表（個別人士 BIR60）相關部分填報及申索，並保留有關證明文件備查","⚠️ Needs Manual Review：各項免稅額 / 扣除上限金額、適用課稅年度及詳細條件以稅務局最新公布為準"]'::jsonb, null, null, null, null, null, null, null, null, null, null, null, null, null, null, null, '187 8088', null, 'https://www.ird.gov.hk/eng/tax/ind_ctr.htm', 'https://www.ird.gov.hk/eng/tax/ind_ctr.htm', '2026-07-23', 'needs_review', true, '本系統只幫你整理資料及估計，不代表政府已批准申請。最終批核以政府部門公佈為準。請以官方連結最新資料為準。', '["other"]'::jsonb, '[{"order":1,"text":"第一步：了解你可能符合嘅免稅額及可扣除項目。"},{"order":2,"text":"第二步：收齊相關證明文件（收據、供款 / 租金證明等）。"},{"order":3,"text":"第三步：填寫周年報稅表（個別人士 BIR60）相關部分申索。"},{"order":4,"text":"第四步：遞交報稅表；保留證明文件以備稅務局查核。"}]'::jsonb, '[{"label":"周年報稅表（個別人士 BIR60）","required":true},{"label":"相關證明 / 收據（如捐款收據、租金證明、供款證明等，備查）","required":false}]'::jsonb, '[]'::jsonb, '[{"url":"https://www.ird.gov.hk/eng/tax/ind_ctr.htm","title":"稅務局 — 免稅額、扣除及稅率表（官方頁面）","titleZh":"稅務局 — 免稅額、扣除及稅率表","titleEn":"IRD — Allowances, Deductions and Tax Rate Table","publisher":"Inland Revenue Department","sourceType":"official_page","retrievedAt":"2026-07-23","lastCheckedAt":"2026-07-23","status":"active"}]'::jsonb, '[]'::jsonb, '[]'::jsonb, '[]'::jsonb, '["marriage","new_baby","retirement"]'::jsonb, '{"meansTested":false}'::jsonb, '{"means_tested":false,"income_tested":false,"asset_tested":false,"disability":false,"student":false,"elderly":false,"tags":["tax","tax_relief","allowances","deductions"]}'::jsonb, null) on conflict (id) do nothing;
insert into public.benefit_life_events (benefit_id, life_event_code) values ('d2000000-0000-0000-0000-000000000009', 'marriage') on conflict do nothing;
insert into public.benefit_life_events (benefit_id, life_event_code) values ('d2000000-0000-0000-0000-000000000009', 'new_baby') on conflict do nothing;
insert into public.benefit_life_events (benefit_id, life_event_code) values ('d2000000-0000-0000-0000-000000000009', 'retirement') on conflict do nothing;
insert into public.benefits (id, slug, name_zh, name_en, department, category_code, purpose, target_beneficiaries, summary, suitable_for, not_suitable_for, eligibility, means_test, residency_requirement, income_requirement, asset_requirement, age_requirement, employment_requirement, student_requirement, application_method, online_url, form_url, guidance_url, faq_url, processing_time, renewal, appeal, contact_phone, contact_email, official_url, source_url, last_updated, status, active, disclaimer, audience, steps, documents, forms, sources, faq, rules, related_slugs, life_events, match_rule, facets, knowledge_doc) values ('d2000000-0000-0000-0000-000000000002', 'samaritan-fund', '撒瑪利亞基金', 'Samaritan Fund', '醫院管理局', 'healthcare', '為有經濟困難、並符合臨床準則嘅醫管局病人，資助部分「並非公立醫院及診所標準收費涵蓋」嘅自費醫療項目或新科技（例如指定自費藥物、醫療儀器等）。金額按項目及審查結果而定，請以官方為準。', '醫院管理局病人，經濟上有需要、並符合相關臨床準則者。', '撒瑪利亞基金（1950 年成立）為有需要嘅醫管局病人提供經濟援助，支付並非公立醫院／診所標準收費涵蓋、而醫療過程所需嘅自費醫療項目或新科技。申請須同時符合兩項條件：（一）臨床準則（由醫管局醫生或專職醫療人員按現行指引支持）；（二）由醫務社工進行嘅「以住戶為基礎」入息審查。', '正接受醫管局治療、需要自費醫療項目但經濟困難嘅病人。', '非醫管局病人、或未能符合臨床準則／入息審查嘅病人。', '["須為醫院管理局（HA）病人","須為政府憲報所指嘅「合資格人士」（Eligible Person）","所需項目須由醫管局醫生或專職醫療人員按現行臨床指引支持","須通過由醫務社工（MSW）進行嘅「以住戶為基礎」入息審查","資助範圍為並非標準收費涵蓋、醫療所需嘅自費醫療項目或新科技（PPMI／新科技）","⚠️ Needs Manual Review：可獲資助項目清單、分擔額計算及入息審查上限以官方最新指引及憲報為準"]'::jsonb, null, null, null, null, null, null, null, null, null, null, null, null, null, null, null, null, null, 'https://www.ha.org.hk/haho/ho/sf/SF_e.htm', 'https://www.ha.org.hk/visitor/ha_visitor_index.asp?Content_ID=10048&Lang=ENG', '2026-07-23', 'needs_review', true, '本系統只幫你整理資料及估計，不代表政府已批准申請。最終批核以政府部門公佈為準。請以官方連結最新資料為準。', '["low_income","other"]'::jsonb, '[{"order":1,"text":"第一步：向負責你治療嘅醫管局醫生或專職醫療人員查詢是否符合臨床準則。"},{"order":2,"text":"第二步：聯絡醫院嘅醫務社會服務部 / 醫務社工（MSW）了解申請詳情。"},{"order":3,"text":"第三步：準備住戶入息及資產證明，接受「以住戶為基礎」入息審查。"},{"order":4,"text":"第四步：於治療開始前約兩星期遞交填妥嘅申請表及所需資料，以便處理及審批。"},{"order":5,"text":"第五步：批核後按醫管局安排提供資助。"}]'::jsonb, '[{"key":"applicant_id","label":"病人身份證","required":true},{"label":"醫生 / 專職醫療人員轉介或支持文件","required":true},{"key":"income_proof","label":"住戶入息證明","required":true},{"key":"asset_proof","label":"資產證明（銀行結單等）","required":true}]'::jsonb, '[]'::jsonb, '[{"url":"https://www.ha.org.hk/haho/ho/sf/SF_e.htm","title":"撒瑪利亞基金（官方頁面）","titleZh":"撒瑪利亞基金","titleEn":"Samaritan Fund","publisher":"Hospital Authority","sourceType":"official_page","retrievedAt":"2026-07-23","lastCheckedAt":"2026-07-23","status":"active"},{"url":"https://www.ha.org.hk/visitor/ha_visitor_index.asp?Content_ID=10048&Lang=ENG","title":"醫院管理局：撒瑪利亞基金","titleZh":"醫院管理局：撒瑪利亞基金","titleEn":"Hospital Authority: Samaritan Fund","publisher":"Hospital Authority","sourceType":"official_page","retrievedAt":"2026-07-23","lastCheckedAt":"2026-07-23","status":"active"},{"url":"https://www.ha.org.hk/haho/ho/sf/fa_en.htm","title":"撒瑪利亞基金 — 財務評估（官方頁面）","titleZh":"撒瑪利亞基金 — 財務評估","titleEn":"Samaritan Fund — Financial Assessment","publisher":"Hospital Authority","sourceType":"guidance_note","retrievedAt":"2026-07-23","lastCheckedAt":"2026-07-23","status":"active"}]'::jsonb, '[]'::jsonb, '[]'::jsonb, '[]'::jsonb, '["hospital_discharge","cancer_treatment","low_income"]'::jsonb, '{"meansTested":true}'::jsonb, '{"means_tested":true,"income_tested":true,"asset_tested":true,"disability":false,"student":false,"elderly":false,"tags":["healthcare","medical","low_income"]}'::jsonb, null) on conflict (id) do nothing;
insert into public.benefit_life_events (benefit_id, life_event_code) values ('d2000000-0000-0000-0000-000000000002', 'hospital_discharge') on conflict do nothing;
insert into public.benefit_life_events (benefit_id, life_event_code) values ('d2000000-0000-0000-0000-000000000002', 'cancer_treatment') on conflict do nothing;
insert into public.benefit_life_events (benefit_id, life_event_code) values ('d2000000-0000-0000-0000-000000000002', 'low_income') on conflict do nothing;
insert into public.benefits (id, slug, name_zh, name_en, department, category_code, purpose, target_beneficiaries, summary, suitable_for, not_suitable_for, eligibility, means_test, residency_requirement, income_requirement, asset_requirement, age_requirement, employment_requirement, student_requirement, application_method, online_url, form_url, guidance_url, faq_url, processing_time, renewal, appeal, contact_phone, contact_email, official_url, source_url, last_updated, status, active, disclaimer, audience, steps, documents, forms, sources, faq, rules, related_slugs, life_events, match_rule, facets, knowledge_doc) values ('11111111-1111-1111-1111-111111111111', 'school-textbook-assistance', '學校書簿津貼計劃', 'School Textbook Assistance Scheme', '在學資助處（學生資助處）', 'student_assistance', '幫低收入家庭俾返書簿同部分學習雜費。合資格學生可以攞全額或半額津貼。', '就讀小學或中學、家庭收入較低嘅學生。', '幫低收入家庭俾返書簿同部分學習雜費。合資格學生可以攞全額或半額津貼。', '就讀小學或中學、家庭收入較低嘅學生。', '正領取綜援嘅家庭（綜援已包學校相關津貼，唔需要重複申請）。', '["學生就讀本地小學或中學全日制日校","申請人為學生嘅家長或監護人","學生為未婚香港居民，並在港有居留權／入境權，或不受逗留條件限制嘅居留許可","家庭須通過學生資助處入息審查（按「經調整家庭收入」計算，分全額或半額）","並非正領取綜援（綜援家庭嘅書簿等開支由社署直接支付，毋須重複申請）","持訪客簽證、雙程證、學生簽證或其受養人不合資格"]'::jsonb, null, null, null, null, null, null, null, null, null, 'https://www.wfsfaa.gov.hk/tc/sfo/primarysecondary/tt/procedures.php', null, null, null, null, null, '2802 2345', null, 'https://www.wfsfaa.gov.hk/tc/sfo/primarysecondary/tt/overview.php', 'https://www.wfsfaa.gov.hk/tc/sfo/primarysecondary/tt/overview.php', '2026-06-01', 'needs_review', true, '本系統只幫你整理資料及估計，不代表政府已批准申請。最終批核以政府部門公佈為準。請以官方連結最新資料為準。', '["student","low_income"]'::jsonb, '[{"order":1,"text":"第一步：先睇你屋企有冇讀緊小學或中學嘅學生。"},{"order":2,"text":"第二步：準備身份證、學生證明、住址證明、收入證明。"},{"order":3,"text":"第三步：填學生資助處「學生資助計劃」綜合申請表。"},{"order":4,"text":"第四步：連同文件副本郵寄或網上交俾學生資助處。"},{"order":5,"text":"第五步：等政府審查，再睇通知書知結果同金額。"}]'::jsonb, '[{"key":"applicant_id","label":"申請人身份證","required":true},{"key":"student_id","label":"學生身份證 / 出世紙","required":true},{"key":"student_proof","label":"學生證明（學校信 / 收生紙）","required":true},{"key":"address_proof","label":"住址證明","required":true},{"key":"income_proof","label":"入息證明","required":true},{"key":"bank_account","label":"銀行戶口資料","required":true}]'::jsonb, '[{"name":"申請表 / 申請方式","type":"link","url":"https://www.wfsfaa.gov.hk/tc/sfo/primarysecondary/tt/procedures.php"}]'::jsonb, '[{"url":"https://www.wfsfaa.gov.hk/tc/sfo/primarysecondary/tt/overview.php","title":"學校書簿津貼計劃 官方頁面"}]'::jsonb, '[]'::jsonb, '[]'::jsonb, '[]'::jsonb, '["primary_school","secondary_school","low_income"]'::jsonb, '{"gradeLevels":["primary","secondary"],"maxIncomeBand":"20k_30k","excludeIfCssa":true,"boostSingleParent":true,"boostNewArrival":true}'::jsonb, '{"means_tested":true,"income_tested":true,"asset_tested":false,"age_min":null,"disability":false,"student":true,"elderly":false,"tags":["student","low_income"]}'::jsonb, 'textbook_assistance.md') on conflict (id) do nothing;
insert into public.benefit_life_events (benefit_id, life_event_code) values ('11111111-1111-1111-1111-111111111111', 'primary_school') on conflict do nothing;
insert into public.benefit_life_events (benefit_id, life_event_code) values ('11111111-1111-1111-1111-111111111111', 'secondary_school') on conflict do nothing;
insert into public.benefit_life_events (benefit_id, life_event_code) values ('11111111-1111-1111-1111-111111111111', 'low_income') on conflict do nothing;
insert into public.benefits (id, slug, name_zh, name_en, department, category_code, purpose, target_beneficiaries, summary, suitable_for, not_suitable_for, eligibility, means_test, residency_requirement, income_requirement, asset_requirement, age_requirement, employment_requirement, student_requirement, application_method, online_url, form_url, guidance_url, faq_url, processing_time, renewal, appeal, contact_phone, contact_email, official_url, source_url, last_updated, status, active, disclaimer, audience, steps, documents, forms, sources, faq, rules, related_slugs, life_events, match_rule, facets, knowledge_doc) values ('22222222-2222-2222-2222-222222222222', 'student-travel-subsidy', '學生車船津貼計劃', 'Student Travel Subsidy Scheme', '在學資助處（學生資助處）', 'student_assistance', '幫住得遠、要搭車返學嘅低收入學生，補貼部分車船交通費。', '需要搭車船返學、屋企收入較低嘅學生。', '幫住得遠、要搭車返學嘅低收入學生，補貼部分車船交通費。', '需要搭車船返學、屋企收入較低嘅學生。', '住喺學校附近、唔使付車費，或可步行返學嘅學生。', '["學生就讀屬車船津貼類別嘅學校（中小學，或認可院校全日制第一學位以下課程）","申請人為學生嘅家長或監護人；學生為未婚香港居民並具香港居留身份（須附證明）","住所距離學校超過 10 分鐘步行路程，並須以公共交通工具返學","家庭須通過學生資助處入息審查","並非正領取綜援（綜援家庭嘅交通費由社署支付）；夜校學生不適用"]'::jsonb, null, null, null, null, null, null, null, null, null, 'https://www.wfsfaa.gov.hk/tc/sfo/primarysecondary/tt/procedures.php', null, null, null, null, null, '2802 2345', null, 'https://www.wfsfaa.gov.hk/tc/sfo/primarysecondary/tt/overview.php', 'https://www.wfsfaa.gov.hk/tc/sfo/primarysecondary/tt/overview.php', '2026-06-01', 'needs_review', true, '本系統只幫你整理資料及估計，不代表政府已批准申請。最終批核以政府部門公佈為準。請以官方連結最新資料為準。', '["student","low_income"]'::jsonb, '[{"order":1,"text":"第一步：睇下個學生係咪要搭車船先返到學校。"},{"order":2,"text":"第二步：準備身份證、學生證明、住址證明、收入證明。"},{"order":3,"text":"第三步：填學生資助處「學生資助計劃」申請表。"},{"order":4,"text":"第四步：交俾學生資助處。"},{"order":5,"text":"第五步：等通知，批咗就會過數入你銀行戶口。"}]'::jsonb, '[{"key":"applicant_id","label":"申請人身份證","required":true},{"key":"student_id","label":"學生身份證 / 出世紙","required":true},{"key":"student_proof","label":"學生證明（學校信 / 收生紙）","required":true},{"key":"address_proof","label":"住址證明","required":true},{"key":"income_proof","label":"入息證明","required":true},{"key":"bank_account","label":"銀行戶口資料","required":true}]'::jsonb, '[{"name":"申請表 / 申請方式","type":"link","url":"https://www.wfsfaa.gov.hk/tc/sfo/primarysecondary/tt/procedures.php"}]'::jsonb, '[{"url":"https://www.wfsfaa.gov.hk/tc/sfo/primarysecondary/tt/overview.php","title":"學生車船津貼計劃 官方頁面"}]'::jsonb, '[]'::jsonb, '[]'::jsonb, '[]'::jsonb, '["primary_school","secondary_school","university","low_income"]'::jsonb, '{"gradeLevels":["primary","secondary","tertiary"],"maxIncomeBand":"20k_30k","travelRelated":true,"boostSingleParent":true,"boostNewArrival":true}'::jsonb, '{"means_tested":true,"income_tested":true,"asset_tested":false,"age_min":null,"disability":false,"student":true,"elderly":false,"tags":["student","low_income"]}'::jsonb, 'travel_subsidy.md') on conflict (id) do nothing;
insert into public.benefit_life_events (benefit_id, life_event_code) values ('22222222-2222-2222-2222-222222222222', 'primary_school') on conflict do nothing;
insert into public.benefit_life_events (benefit_id, life_event_code) values ('22222222-2222-2222-2222-222222222222', 'secondary_school') on conflict do nothing;
insert into public.benefit_life_events (benefit_id, life_event_code) values ('22222222-2222-2222-2222-222222222222', 'university') on conflict do nothing;
insert into public.benefit_life_events (benefit_id, life_event_code) values ('22222222-2222-2222-2222-222222222222', 'low_income') on conflict do nothing;
insert into public.benefits (id, slug, name_zh, name_en, department, category_code, purpose, target_beneficiaries, summary, suitable_for, not_suitable_for, eligibility, means_test, residency_requirement, income_requirement, asset_requirement, age_requirement, employment_requirement, student_requirement, application_method, online_url, form_url, guidance_url, faq_url, processing_time, renewal, appeal, contact_phone, contact_email, official_url, source_url, last_updated, status, active, disclaimer, audience, steps, documents, forms, sources, faq, rules, related_slugs, life_events, match_rule, facets, knowledge_doc) values ('d2000000-0000-0000-0000-000000000006', 'traffic-accident-victims-assistance', '交通意外傷亡援助計劃', 'Traffic Accident Victims Assistance (TAVA) Scheme', '社會福利署（社會保障）', 'social_security', '為道路交通意外傷者，或交通意外死者嘅在世受養人，提供「無須經濟審查」嘅經濟援助，無論意外責任誰屬。', '香港道路交通意外嘅傷者，或意外中死者嘅在世受養人。', '交通意外傷亡援助計劃（TAVA）為道路交通意外傷者或死者在世受養人提供無須經濟審查嘅現金援助，不論意外責任誰屬。申請須於意外發生後 6 個月內提出；傷者於意外發生時須合法獲准留港；並須因意外死亡、永久傷殘，或由註冊醫生 / 註冊中醫師證明因傷須住院或病假不少於 7 天。計劃只援助人身傷亡，不包括財物損失。', '香港道路交通意外傷者，或意外死者嘅在世受養人（無須經濟審查）。', '財物損失（不屬援助範圍）；意外發生時非合法留港者；逾 6 個月申請期者。', '["傷者於交通意外發生時須合法獲准留港","須於意外發生日期後 6 個月內提出申請","傷者因意外死亡或永久傷殘；或所受傷勢經註冊醫生 / 註冊中醫師證明須住院或病假不少於 7 天","屬「無須經濟審查」計劃，不論導致意外嘅責任誰屬","只援助人身傷亡，不包括財物損失或損毀","⚠️ Needs Manual Review：援助金額及各項細則以社會福利署最新公布及《交通意外傷亡援助計劃》單張為準"]'::jsonb, null, null, null, null, null, null, null, null, null, 'https://www.sssof.swd.gov.hk/eForm/eApplyTAVA/Start?lang=en_US', null, null, null, null, null, '2343 2255', null, 'https://www.swd.gov.hk/en/pubsvc/socsecu/trafficacc/', 'https://www.swd.gov.hk/en/pubsvc/socsecu/trafficacc/', '2026-07-23', 'needs_review', true, '本系統只幫你整理資料及估計，不代表政府已批准申請。最終批核以政府部門公佈為準。請以官方連結最新資料為準。', '["other","disability"]'::jsonb, '[{"order":1,"text":"第一步：確認意外發生於 6 個月內，並準備意外及傷勢證明。"},{"order":2,"text":"第二步：填寫 TAVA 申請表（社署網上初步申請表或紙本表格）。"},{"order":3,"text":"第三步：連同醫生／中醫證明及意外證明遞交社會福利署。"},{"order":4,"text":"第四步：接受社署審核。"},{"order":5,"text":"第五步：批核後領取援助金。"}]'::jsonb, '[{"key":"applicant_id","label":"申請人身份證","required":true},{"label":"醫生 / 中醫證明書（住院或病假證明）","required":true},{"label":"交通意外證明（如警方報告 / 意外記錄）","required":true},{"key":"bank_account","label":"銀行戶口資料","required":true}]'::jsonb, '[{"name":"TAVA 網上初步申請表","type":"link","url":"https://www.sssof.swd.gov.hk/eForm/eApplyTAVA/Start?lang=en_US"}]'::jsonb, '[{"url":"https://www.swd.gov.hk/en/pubsvc/socsecu/trafficacc/","title":"交通意外傷亡援助計劃（官方頁面）","titleZh":"交通意外傷亡援助計劃","titleEn":"Traffic Accident Victims Assistance Scheme","publisher":"Social Welfare Department","sourceType":"official_page","retrievedAt":"2026-07-23","lastCheckedAt":"2026-07-23","status":"active"},{"url":"https://www.swd.gov.hk/storage/asset/section/179/en/TAVA_Brief_Eng_201403.pdf","title":"交通意外傷亡援助計劃 — 簡介（官方單張）","titleZh":"交通意外傷亡援助計劃簡介","titleEn":"TAVA Scheme Brief","publisher":"Social Welfare Department","sourceType":"guidance_note","retrievedAt":"2026-07-23","lastCheckedAt":"2026-07-23","status":"active"},{"url":"https://www.sssof.swd.gov.hk/eForm/eApplyTAVA/Start?lang=en_US","title":"TAVA 網上初步申請表（官方申請頁面）","titleZh":"TAVA 網上初步申請表","titleEn":"TAVA Preliminary Application Form","publisher":"Social Welfare Department","sourceType":"application_page","retrievedAt":"2026-07-23","lastCheckedAt":"2026-07-23","status":"active"}]'::jsonb, '[]'::jsonb, '[]'::jsonb, '["disability-allowance"]'::jsonb, '["hospital_discharge","disability_diagnosed"]'::jsonb, '{"meansTested":false}'::jsonb, '{"means_tested":false,"income_tested":false,"asset_tested":false,"disability":true,"student":false,"elderly":false,"tags":["social_security","accident","injury","non_means_tested"]}'::jsonb, null) on conflict (id) do nothing;
insert into public.benefit_life_events (benefit_id, life_event_code) values ('d2000000-0000-0000-0000-000000000006', 'hospital_discharge') on conflict do nothing;
insert into public.benefit_life_events (benefit_id, life_event_code) values ('d2000000-0000-0000-0000-000000000006', 'disability_diagnosed') on conflict do nothing;
insert into public.benefits (id, slug, name_zh, name_en, department, category_code, purpose, target_beneficiaries, summary, suitable_for, not_suitable_for, eligibility, means_test, residency_requirement, income_requirement, asset_requirement, age_requirement, employment_requirement, student_requirement, application_method, online_url, form_url, guidance_url, faq_url, processing_time, renewal, appeal, contact_phone, contact_email, official_url, source_url, last_updated, status, active, disclaimer, audience, steps, documents, forms, sources, faq, rules, related_slugs, life_events, match_rule, facets, knowledge_doc) values ('d2000000-0000-0000-0000-000000000001', 'tsfs-postsecondary', '資助專上課程學生資助計劃', 'Tertiary Student Finance Scheme – Publicly-funded Programmes (TSFS)', '在職家庭及學生資助事務處（學生資助處）', 'postsecondary', '俾修讀「全日制、獲公帑資助」認可專上課程嘅學生嘅入息審查資助，分為助學金（Grant）同貸款（Loan）兩部分。金額每年由政府公布，請以官方為準。', '修讀全日制、獲公帑資助認可專上課程，並通過入息審查嘅學生。', '資助專上課程學生資助計劃（TSFS）為修讀全日制公帑資助專上課程嘅有需要學生提供入息審查資助：助學金用嚟支付學費、學習開支及必修學生會費；貸款用嚟支付生活費。合資格並入住宿舍者可獲宿舍津貼；有特殊教育需要者可獲額外學習開支津貼。', '修讀全日制公帑資助專上課程、家庭入息及資產通過審查嘅學生。', '修讀自資課程（應留意其他資助計劃）、或家庭入息／資產超出審查上限嘅學生。', '["修讀認可院校、獲公帑資助嘅全日制專上課程學額","通過「入息審查」（以家庭全年可動用收入 Adjusted Family Income 計算，須連同家庭成員資料一併申報）","助學金（Grant）用以支付學費、學習開支及必修學生會費","貸款（Loan）用以支付學生生活費","合資格並入住學生宿舍者可獲宿舍津貼","有特殊教育需要嘅合資格申請人可獲額外學習開支津貼","⚠️ Needs Manual Review：每年助學金／貸款上限、入息審查機制細節每學年公布，請以官方「資助額」頁面為準"]'::jsonb, null, null, null, null, null, null, null, null, null, 'https://www.wfsfaa.gov.hk/sfo/en/postsecondary/tsfs/application/forms.htm', null, null, null, null, null, '2152 9000', null, 'https://www.wfsfaa.gov.hk/en/sfo/postsecondary/tsfs/overview.php', 'https://www.wfsfaa.gov.hk/en/sfo/postsecondary/tsfs/overview.php', '2026-07-23', 'needs_review', true, '本系統只幫你整理資料及估計，不代表政府已批准申請。最終批核以政府部門公佈為準。請以官方連結最新資料為準。', '["student","low_income"]'::jsonb, '[{"order":1,"text":"第一步：確認你修讀嘅係公帑資助全日制專上課程。"},{"order":2,"text":"第二步：準備身份證、課程證明同家庭成員入息／資產資料。"},{"order":3,"text":"第三步：於學生資助處網上系統遞交 TSFS 申請表。"},{"order":4,"text":"第四步：等候入息審查及批核結果。"},{"order":5,"text":"第五步：批出後按通知領取助學金／貸款。"}]'::jsonb, '[{"key":"applicant_id","label":"申請人身份證","required":true},{"key":"student_proof","label":"學生身份 / 課程證明","required":true},{"key":"income_proof","label":"家庭成員入息證明","required":true},{"key":"asset_proof","label":"資產證明","required":true},{"key":"bank_account","label":"銀行戶口資料","required":true}]'::jsonb, '[{"name":"TSFS 申請連結、表格及下載","type":"link","url":"https://www.wfsfaa.gov.hk/sfo/en/postsecondary/tsfs/application/forms.htm"}]'::jsonb, '[{"url":"https://www.wfsfaa.gov.hk/en/sfo/postsecondary/tsfs/overview.php","title":"TSFS 概覽（官方頁面）","titleZh":"資助專上課程學生資助計劃 — 概覽","titleEn":"TSFS — Overview","publisher":"Working Family and Student Financial Assistance Agency","sourceType":"official_page","retrievedAt":"2026-07-23","lastCheckedAt":"2026-07-23","status":"active"},{"url":"https://www.wfsfaa.gov.hk/sfo/en/postsecondary/tsfs/general/level.htm","title":"TSFS 資助額（官方頁面）","titleZh":"資助專上課程學生資助計劃 — 資助額","titleEn":"TSFS — Level of Financial Assistance","publisher":"Working Family and Student Financial Assistance Agency","sourceType":"official_page","retrievedAt":"2026-07-23","lastCheckedAt":"2026-07-23","status":"active"},{"url":"https://www.wfsfaa.gov.hk/sfo/en/postsecondary/tsfs/application/procedures.htm","title":"TSFS 申請程序（官方頁面）","titleZh":"資助專上課程學生資助計劃 — 申請程序","titleEn":"TSFS — Application Procedures","publisher":"Working Family and Student Financial Assistance Agency","sourceType":"application_page","retrievedAt":"2026-07-23","lastCheckedAt":"2026-07-23","status":"active"}]'::jsonb, '[]'::jsonb, '[]'::jsonb, '["continuing-education-fund"]'::jsonb, '["university","adult_study","low_income"]'::jsonb, '{"meansTested":true,"maxIncomeBand":"20k_30k"}'::jsonb, '{"means_tested":true,"income_tested":true,"asset_tested":true,"disability":false,"student":true,"elderly":false,"tags":["student","postsecondary","low_income"]}'::jsonb, null) on conflict (id) do nothing;
insert into public.benefit_life_events (benefit_id, life_event_code) values ('d2000000-0000-0000-0000-000000000001', 'university') on conflict do nothing;
insert into public.benefit_life_events (benefit_id, life_event_code) values ('d2000000-0000-0000-0000-000000000001', 'adult_study') on conflict do nothing;
insert into public.benefit_life_events (benefit_id, life_event_code) values ('d2000000-0000-0000-0000-000000000001', 'low_income') on conflict do nothing;
insert into public.benefits (id, slug, name_zh, name_en, department, category_code, purpose, target_beneficiaries, summary, suitable_for, not_suitable_for, eligibility, means_test, residency_requirement, income_requirement, asset_requirement, age_requirement, employment_requirement, student_requirement, application_method, online_url, form_url, guidance_url, faq_url, processing_time, renewal, appeal, contact_phone, contact_email, official_url, source_url, last_updated, status, active, disclaimer, audience, steps, documents, forms, sources, faq, rules, related_slugs, life_events, match_rule, facets, knowledge_doc) values ('66666666-6666-6666-6666-666666666666', 'working-family-allowance', '在職家庭津貼計劃', 'Working Family Allowance Scheme', '在職家庭津貼辦事處', 'employment', '幫有人返工但收入唔高嘅家庭。除咗家庭津貼，仲有兒童津貼幫補在學子女開支。', '有家庭成員返工、收入唔高、又有在學子女嘅家庭。', '幫有人返工但收入唔高嘅家庭。除咗家庭津貼，仲有兒童津貼幫補在學子女開支。', '有家庭成員返工、收入唔高、又有在學子女嘅家庭。', '正領取綜援嘅家庭（綜援同在職家庭津貼唔可以同時領取）。', '["住戶並非領取綜援（綜援與職津不可同時領取）","住戶有成員從事有薪工作並達到每月工時要求","住戶每月收入及資產不超過指定上限（設不同津貼級別）","設兒童津貼，補助合資格在學或年幼子女","住戶成員一般須為香港居民並通常居於香港","工時門檻、入息上限及金額每年公布，以官方最新資料為準"]'::jsonb, null, null, null, null, null, null, null, null, null, 'https://www.wfsfaa.gov.hk/wfao/tc/application/forms.htm', null, null, null, null, null, '2558 3000', null, 'https://www.wfsfaa.gov.hk/wfao/tc/index.htm', 'https://www.wfsfaa.gov.hk/wfao/tc/index.htm', '2026-06-01', 'needs_review', true, '本系統只幫你整理資料及估計，不代表政府已批准申請。最終批核以政府部門公佈為準。請以官方連結最新資料為準。', '["low_income"]'::jsonb, '[{"order":1,"text":"第一步：睇下屋企有冇人返緊工，又有冇在學子女。"},{"order":2,"text":"第二步：準備身份證、入息證明、工時證明、住址證明。"},{"order":3,"text":"第三步：填在職家庭津貼申請表。"},{"order":4,"text":"第四步：交俾在職家庭津貼辦事處。"},{"order":5,"text":"第五步：等通知，批咗會按月或一筆過過數。"}]'::jsonb, '[{"key":"applicant_id","label":"申請人身份證","required":true},{"key":"student_id","label":"學生身份證 / 出世紙","required":true},{"key":"student_proof","label":"學生證明（學校信 / 收生紙）","required":true},{"key":"address_proof","label":"住址證明","required":true},{"key":"income_proof","label":"入息證明","required":true},{"key":"bank_account","label":"銀行戶口資料","required":true},{"key":"tenancy_agreement","label":"租單 / 租約（如適用）","required":true}]'::jsonb, '[{"name":"申請表 / 申請方式","type":"link","url":"https://www.wfsfaa.gov.hk/wfao/tc/application/forms.htm"}]'::jsonb, '[{"url":"https://www.wfsfaa.gov.hk/wfao/tc/index.htm","title":"在職家庭津貼計劃 官方頁面"}]'::jsonb, '[]'::jsonb, '[]'::jsonb, '[]'::jsonb, '["low_income","job_seeking"]'::jsonb, '{"maxIncomeBand":"30k_40k","excludeIfCssa":true,"boostSingleParent":true,"boostNewArrival":true}'::jsonb, '{"means_tested":true,"income_tested":true,"asset_tested":false,"age_min":null,"disability":false,"student":false,"elderly":false,"tags":["low_income"]}'::jsonb, 'working_family_allowance.md') on conflict (id) do nothing;
insert into public.benefit_life_events (benefit_id, life_event_code) values ('66666666-6666-6666-6666-666666666666', 'low_income') on conflict do nothing;
insert into public.benefit_life_events (benefit_id, life_event_code) values ('66666666-6666-6666-6666-666666666666', 'job_seeking') on conflict do nothing;

