-- =============================================================
-- 研究代理產生：官方來源學生津貼種子資料 (research-agent generated)
-- 目標 schema: research（與 webapp 的 public 表分開，避免覆蓋）
-- 先執行 supabase/research_agent_schema.sql，再執行本檔。
-- generated_at: 2026-06-22T13:59:54.679Z
-- =============================================================
set search_path = research, public;

-- ---------- subsidy_schemes ----------
insert into research.subsidy_schemes (scheme_code, name_zh, name_en, responsible_department, target_applicants, education_level, eligibility_criteria, means_test_requirement, residency_requirement, student_status_requirement, household_requirement, application_period, application_method, required_documents, submission_channel, approval_timeline, payment_arrangement, enquiry_phone, enquiry_email, official_page_url, form_url, notes, child_friendly, field_meta, last_checked_at) values (
'TA', '學校書簿津貼計劃', 'School Textbook Assistance Scheme', '在學資助處（學生資助處），隸屬工作及學生資助辦事處（WFSFAA）', '就讀本地小學或中學日校、家庭通過入息審查的清貧學生', '["primary","secondary"]'::jsonb, '["學生就讀本地公營 / 受資助 / 符合資格的小學或中學日校","家庭通過學生資助處的入息審查","可獲全額或半額資助，視乎家庭經濟狀況"]'::jsonb, '須通過家庭入息審查（means test）。實際入息上限及全額／半額分界每學年公布，需以官方最新數字為準。', '申請人及學生一般須為香港居民；確實居留要求請以官方為準。', '學生須為日校全日制在學學生。', '以家庭（住戶）為單位計算入息及人數。', '通常於每學年指定期間接受申請；確實日期每年公布，需人手核實。', '屬「學生資助計劃」的入息審查資助，可用一份綜合申請表一次過申請多項津貼，毋須逐項分開申請。', '["申請人身份證明文件","學生身份證明 / 出生證明","住址證明","家庭成員入息證明","銀行戶口資料（用作發放津貼）"]'::jsonb, '可經學生資助處網上服務（SFO E-link / 學資處電子通）遞交，或郵寄 / 親身遞交綜合申請表。', '審批時間視乎申請數量及文件齊備程度，結果以通知書為準。', '津貼一般以自動轉賬存入指定銀行戶口。', '2802 2345', '查詢電郵請參考官方網站聯絡頁。', 'https://www.wfsfaa.gov.hk/en/sfo/primarysecondary/tt/overview.php', 'https://www.wfsfaa.gov.hk/en/resources/forms/form.htm', '["正領取綜援的家庭，學校相關開支一般已涵蓋於綜援內，毋須重複申請。","全額／半額資助金額及入息上限每學年不同，須以官方公布為準。"]'::jsonb, '{"what_helps":"呢個資助幫你俾返買書同學習用品嘅錢。","who_can_apply":"讀緊小學或中學、屋企收入唔多嘅學生。","what_to_prepare":"身份證、學生證明、住址證明同收入證明。","how_to_apply":"填一張「學生資助計劃」綜合申請表，一次過申請。","after_apply":"政府會睇你屋企收入，再決定俾全額定半額。","when_money":"批咗之後，啲錢會直接過入你嘅銀行戶口。","who_to_ask":"有唔明可以打俾學生資助處，或者問學校社工。"}'::jsonb, '{"name_zh":{"confidence":"high","needs_review":false,"source_url":"https://www.wfsfaa.gov.hk/en/sfo/primarysecondary/tt/overview.php"},"name_en":{"confidence":"high","needs_review":false,"source_url":"https://www.wfsfaa.gov.hk/en/sfo/primarysecondary/tt/overview.php"},"responsible_department":{"confidence":"high","needs_review":false,"source_url":"https://www.wfsfaa.gov.hk/en/sfo/index.htm"},"target_applicants":{"confidence":"high","needs_review":false,"source_url":"https://www.wfsfaa.gov.hk/en/sfo/primarysecondary/tt/overview.php"},"education_level":{"confidence":"high","needs_review":false,"source_url":"https://www.wfsfaa.gov.hk/en/sfo/primarysecondary/tt/overview.php"},"eligibility_criteria":{"confidence":"medium","needs_review":true,"source_url":"https://www.wfsfaa.gov.hk/en/sfo/primarysecondary/tt/overview.php"},"means_test_requirement":{"confidence":"medium","needs_review":true,"source_url":"https://www.wfsfaa.gov.hk/en/sfo/primarysecondary/tt/overview.php"},"residency_requirement":{"confidence":"medium","needs_review":true,"source_url":"https://www.wfsfaa.gov.hk/en/sfo/primarysecondary/tt/overview.php"},"student_status_requirement":{"confidence":"high","needs_review":false,"source_url":"https://www.wfsfaa.gov.hk/en/sfo/primarysecondary/tt/overview.php"},"household_requirement":{"confidence":"medium","needs_review":true,"source_url":"https://www.wfsfaa.gov.hk/en/sfo/primarysecondary/tt/overview.php"},"application_period":{"confidence":"low","needs_review":true,"source_url":"https://www.wfsfaa.gov.hk/en/sfo/primarysecondary/tt/overview.php"},"application_method":{"confidence":"high","needs_review":false,"source_url":"https://www.wfsfaa.gov.hk/en/sfo/primarysecondary/tt/overview.php"},"required_documents":{"confidence":"medium","needs_review":true,"source_url":"https://www.wfsfaa.gov.hk/en/resources/forms/form.htm"},"submission_channel":{"confidence":"medium","needs_review":true,"source_url":"https://ess.wfsfaa.gov.hk/"},"approval_timeline":{"confidence":"low","needs_review":true,"source_url":"https://www.wfsfaa.gov.hk/en/sfo/primarysecondary/tt/overview.php"},"payment_arrangement":{"confidence":"medium","needs_review":true,"source_url":"https://www.wfsfaa.gov.hk/en/sfo/primarysecondary/tt/overview.php"},"enquiry_phone":{"confidence":"medium","needs_review":true,"source_url":"https://www.wfsfaa.gov.hk/en/sfo/index.htm"},"enquiry_email":{"confidence":"low","needs_review":true,"source_url":"https://www.wfsfaa.gov.hk/en/sfo/index.htm"},"official_page_url":{"confidence":"high","needs_review":false,"source_url":"https://www.wfsfaa.gov.hk/en/sfo/primarysecondary/tt/overview.php"},"form_url":{"confidence":"medium","needs_review":true,"source_url":"https://www.wfsfaa.gov.hk/en/resources/forms/form.htm"},"notes":{"confidence":"medium","needs_review":true,"source_url":"https://www.wfsfaa.gov.hk/en/sfo/primarysecondary/tt/overview.php"}}'::jsonb, '2026-06-22T13:59:54.675Z'
) on conflict (scheme_code) do nothing;

insert into research.subsidy_schemes (scheme_code, name_zh, name_en, responsible_department, target_applicants, education_level, eligibility_criteria, means_test_requirement, residency_requirement, student_status_requirement, household_requirement, application_period, application_method, required_documents, submission_channel, approval_timeline, payment_arrangement, enquiry_phone, enquiry_email, official_page_url, form_url, notes, child_friendly, field_meta, last_checked_at) values (
'STS', '學生車船津貼計劃', 'Student Travel Subsidy Scheme', '在學資助處（學生資助處），隸屬工作及學生資助辦事處（WFSFAA）', '需以公共交通工具往返學校、家庭通過入息審查的學生', '["primary","secondary","tertiary"]'::jsonb, '["學生就讀本地日校","居住地點與學校距離須符合須使用公共交通的要求","家庭通過入息審查"]'::jsonb, '須通過家庭入息審查；實際上限每學年公布，需人手核實。', '申請人及學生一般須為香港居民。', '全日制日校在學學生。', '以家庭為單位審查。', '每學年指定期間；確實日期需人手核實。', '屬「學生資助計劃」的入息審查資助，可用一份綜合申請表一次過申請多項津貼，毋須逐項分開申請。', '["申請人身份證明","學生證明","住址證明","入息證明","銀行戶口資料"]'::jsonb, '經 SFO E-link 網上遞交，或郵寄／親身遞交綜合申請表。', '以通知書為準。', '以自動轉賬發放。', '2802 2345', '請參考官方聯絡頁。', 'https://www.wfsfaa.gov.hk/en/sfo/primarysecondary/tt/overview.php', 'https://www.wfsfaa.gov.hk/en/resources/forms/form.htm', '["住所與學校距離 / 可步行範圍的界定，需以官方準則核實。"]'::jsonb, '{"what_helps":"呢個資助幫你俾返搭車搭船返學嘅交通費。","who_can_apply":"要搭車先返到學校、屋企收入唔多嘅學生。","what_to_prepare":"身份證、學生證明、住址證明同收入證明。","how_to_apply":"填「學生資助計劃」綜合申請表一齊申請。","after_apply":"政府會睇你住得遠唔遠同屋企收入。","when_money":"批咗之後，啲錢會過入你嘅銀行戶口。","who_to_ask":"可以打俾學生資助處或者問學校。"}'::jsonb, '{"name_zh":{"confidence":"high","needs_review":false,"source_url":"https://www.wfsfaa.gov.hk/en/sfo/primarysecondary/tt/overview.php"},"name_en":{"confidence":"high","needs_review":false,"source_url":"https://www.wfsfaa.gov.hk/en/sfo/primarysecondary/tt/overview.php"},"responsible_department":{"confidence":"high","needs_review":false,"source_url":"https://www.wfsfaa.gov.hk/en/sfo/index.htm"},"target_applicants":{"confidence":"high","needs_review":false,"source_url":"https://www.wfsfaa.gov.hk/en/sfo/primarysecondary/tt/overview.php"},"education_level":{"confidence":"medium","needs_review":true,"source_url":"https://www.wfsfaa.gov.hk/en/sfo/primarysecondary/tt/overview.php"},"eligibility_criteria":{"confidence":"medium","needs_review":true,"source_url":"https://www.wfsfaa.gov.hk/en/sfo/primarysecondary/tt/overview.php"},"means_test_requirement":{"confidence":"medium","needs_review":true,"source_url":"https://www.wfsfaa.gov.hk/en/sfo/primarysecondary/tt/overview.php"},"residency_requirement":{"confidence":"medium","needs_review":true,"source_url":"https://www.wfsfaa.gov.hk/en/sfo/primarysecondary/tt/overview.php"},"student_status_requirement":{"confidence":"high","needs_review":false,"source_url":"https://www.wfsfaa.gov.hk/en/sfo/primarysecondary/tt/overview.php"},"household_requirement":{"confidence":"medium","needs_review":true,"source_url":"https://www.wfsfaa.gov.hk/en/sfo/primarysecondary/tt/overview.php"},"application_period":{"confidence":"low","needs_review":true,"source_url":"https://www.wfsfaa.gov.hk/en/sfo/primarysecondary/tt/overview.php"},"application_method":{"confidence":"high","needs_review":false,"source_url":"https://www.wfsfaa.gov.hk/en/sfo/primarysecondary/tt/overview.php"},"required_documents":{"confidence":"medium","needs_review":true,"source_url":"https://www.wfsfaa.gov.hk/en/resources/forms/form.htm"},"submission_channel":{"confidence":"medium","needs_review":true,"source_url":"https://ess.wfsfaa.gov.hk/"},"approval_timeline":{"confidence":"low","needs_review":true,"source_url":"https://www.wfsfaa.gov.hk/en/sfo/primarysecondary/tt/overview.php"},"payment_arrangement":{"confidence":"medium","needs_review":true,"source_url":"https://www.wfsfaa.gov.hk/en/sfo/primarysecondary/tt/overview.php"},"enquiry_phone":{"confidence":"medium","needs_review":true,"source_url":"https://www.wfsfaa.gov.hk/en/sfo/index.htm"},"enquiry_email":{"confidence":"low","needs_review":true,"source_url":"https://www.wfsfaa.gov.hk/en/sfo/index.htm"},"official_page_url":{"confidence":"high","needs_review":false,"source_url":"https://www.wfsfaa.gov.hk/en/sfo/primarysecondary/tt/overview.php"},"form_url":{"confidence":"medium","needs_review":true,"source_url":"https://www.wfsfaa.gov.hk/en/resources/forms/form.htm"},"notes":{"confidence":"low","needs_review":true,"source_url":"https://www.wfsfaa.gov.hk/en/sfo/primarysecondary/tt/overview.php"}}'::jsonb, '2026-06-22T13:59:54.675Z'
) on conflict (scheme_code) do nothing;

insert into research.subsidy_schemes (scheme_code, name_zh, name_en, responsible_department, target_applicants, education_level, eligibility_criteria, means_test_requirement, residency_requirement, student_status_requirement, household_requirement, application_period, application_method, required_documents, submission_channel, approval_timeline, payment_arrangement, enquiry_phone, enquiry_email, official_page_url, form_url, notes, child_friendly, field_meta, last_checked_at) values (
'IA', '上網費津貼計劃', 'Subsidy Scheme for Internet Access Charges', '在學資助處（學生資助處），隸屬工作及學生資助辦事處（WFSFAA）', '有就讀中小學或以下學生、需要在家上網學習的低收入家庭', '["kindergarten","primary","secondary"]'::jsonb, '["家庭有合資格在學子女","正領取綜援，或通過入息審查","一般以每戶為單位發放定額津貼"]'::jsonb, '須通過入息審查或正領取綜援；定額金額每年公布，需人手核實。', '一般須為香港居民。', '家庭須有合資格在學學生。', '以住戶為單位，每戶通常一份。', '每學年指定期間；需人手核實。', '屬「學生資助計劃」的入息審查資助，可用一份綜合申請表一次過申請多項津貼，毋須逐項分開申請。', '["申請人身份證明","學生證明","住址證明","入息或綜援證明","銀行戶口資料"]'::jsonb, '經 SFO E-link 或綜合申請表遞交。', '以通知書為準。', '一般以自動轉賬發放定額津貼。', '2802 2345', '請參考官方聯絡頁。', 'https://www.wfsfaa.gov.hk/en/sfo/primarysecondary/tt/overview.php', 'https://www.wfsfaa.gov.hk/en/resources/forms/form.htm', '["計劃名稱 / 涵蓋年級 / 金額按年度而定，需以官方公布核實。"]'::jsonb, '{"what_helps":"呢個資助幫你屋企俾返上網費，方便你喺屋企上堂同做功課。","who_can_apply":"屋企有學生、需要上網學習而收入唔多嘅家庭。","what_to_prepare":"身份證、學生證明、住址證明同收入或綜援證明。","how_to_apply":"填申請表，連文件一齊交。","after_apply":"政府會睇你屋企情況再決定。","when_money":"批咗會發一筆定額津貼入戶口。","who_to_ask":"有問題打俾學生資助處或問學校。"}'::jsonb, '{"name_zh":{"confidence":"high","needs_review":false,"source_url":"https://www.wfsfaa.gov.hk/en/sfo/primarysecondary/tt/overview.php"},"name_en":{"confidence":"high","needs_review":false,"source_url":"https://www.wfsfaa.gov.hk/en/sfo/primarysecondary/tt/overview.php"},"responsible_department":{"confidence":"high","needs_review":false,"source_url":"https://www.wfsfaa.gov.hk/en/sfo/index.htm"},"target_applicants":{"confidence":"medium","needs_review":true,"source_url":"https://www.wfsfaa.gov.hk/en/sfo/primarysecondary/tt/overview.php"},"education_level":{"confidence":"medium","needs_review":true,"source_url":"https://www.wfsfaa.gov.hk/en/sfo/primarysecondary/tt/overview.php"},"eligibility_criteria":{"confidence":"medium","needs_review":true,"source_url":"https://www.wfsfaa.gov.hk/en/sfo/primarysecondary/tt/overview.php"},"means_test_requirement":{"confidence":"medium","needs_review":true,"source_url":"https://www.wfsfaa.gov.hk/en/sfo/primarysecondary/tt/overview.php"},"residency_requirement":{"confidence":"medium","needs_review":true,"source_url":"https://www.wfsfaa.gov.hk/en/sfo/primarysecondary/tt/overview.php"},"student_status_requirement":{"confidence":"medium","needs_review":true,"source_url":"https://www.wfsfaa.gov.hk/en/sfo/primarysecondary/tt/overview.php"},"household_requirement":{"confidence":"medium","needs_review":true,"source_url":"https://www.wfsfaa.gov.hk/en/sfo/primarysecondary/tt/overview.php"},"application_period":{"confidence":"low","needs_review":true,"source_url":"https://www.wfsfaa.gov.hk/en/sfo/primarysecondary/tt/overview.php"},"application_method":{"confidence":"medium","needs_review":true,"source_url":"https://www.wfsfaa.gov.hk/en/sfo/primarysecondary/tt/overview.php"},"required_documents":{"confidence":"medium","needs_review":true,"source_url":"https://www.wfsfaa.gov.hk/en/resources/forms/form.htm"},"submission_channel":{"confidence":"medium","needs_review":true,"source_url":"https://ess.wfsfaa.gov.hk/"},"approval_timeline":{"confidence":"low","needs_review":true,"source_url":"https://www.wfsfaa.gov.hk/en/sfo/primarysecondary/tt/overview.php"},"payment_arrangement":{"confidence":"medium","needs_review":true,"source_url":"https://www.wfsfaa.gov.hk/en/sfo/primarysecondary/tt/overview.php"},"enquiry_phone":{"confidence":"medium","needs_review":true,"source_url":"https://www.wfsfaa.gov.hk/en/sfo/index.htm"},"enquiry_email":{"confidence":"low","needs_review":true,"source_url":"https://www.wfsfaa.gov.hk/en/sfo/index.htm"},"official_page_url":{"confidence":"medium","needs_review":true,"source_url":"https://www.wfsfaa.gov.hk/en/sfo/primarysecondary/tt/overview.php"},"form_url":{"confidence":"medium","needs_review":true,"source_url":"https://www.wfsfaa.gov.hk/en/resources/forms/form.htm"},"notes":{"confidence":"low","needs_review":true,"source_url":"https://www.wfsfaa.gov.hk/en/sfo/primarysecondary/tt/overview.php"}}'::jsonb, '2026-06-22T13:59:54.675Z'
) on conflict (scheme_code) do nothing;

insert into research.subsidy_schemes (scheme_code, name_zh, name_en, responsible_department, target_applicants, education_level, eligibility_criteria, means_test_requirement, residency_requirement, student_status_requirement, household_requirement, application_period, application_method, required_documents, submission_channel, approval_timeline, payment_arrangement, enquiry_phone, enquiry_email, official_page_url, form_url, notes, child_friendly, field_meta, last_checked_at) values (
'KCFRS', '幼稚園及幼兒中心學費減免計劃', 'Kindergarten and Child Care Centre Fee Remission Scheme', '在學資助處（學生資助處），隸屬工作及學生資助辦事處（WFSFAA）', '子女就讀參加計劃的幼稚園 / 幼兒中心、家庭通過入息審查的低收入家庭', '["kindergarten"]'::jsonb, '["子女就讀參加「免費優質幼稚園教育計劃」/ 相關計劃的幼稚園或幼兒中心","家庭通過入息審查","可獲全免或部分減免學費"]'::jsonb, '須通過家庭入息審查；入息上限及減免比例每學年公布，需人手核實。', '一般須為香港居民。', '子女須就讀合資格的幼稚園 / 幼兒中心。', '以家庭為單位審查。', '每學年指定期間；需人手核實。', '填寫學前學生資助申請表，連同入息證明遞交學生資助處。', '["申請人身份證明","子女出生證明 / 身份證明","住址證明","入息證明","銀行戶口資料"]'::jsonb, '經 SFO E-link 或郵寄／親身遞交。', '以通知書為準。', '學費減免一般直接調整應繳學費 / 透過學校處理。', '2802 2345', '請參考官方聯絡頁。', 'https://www.wfsfaa.gov.hk/en/sfo/preprimary/index.htm', 'https://www.wfsfaa.gov.hk/en/resources/forms/form.htm', '["減免比例（全免 / 半免）及上限每學年不同，需核實。"]'::jsonb, '{"what_helps":"呢個資助幫你細路俾少啲或者唔使俾幼稚園學費。","who_can_apply":"有細路讀緊幼稚園或幼兒中心、收入唔多嘅家庭。","what_to_prepare":"身份證、出世紙、住址證明同收入證明。","how_to_apply":"填學前學生資助申請表，連文件交俾學生資助處。","after_apply":"政府會睇你屋企收入，再決定減幾多。","when_money":"批咗之後會直接減你要俾嘅學費。","who_to_ask":"可以打俾學生資助處或問幼稚園。"}'::jsonb, '{"name_zh":{"confidence":"high","needs_review":false,"source_url":"https://www.wfsfaa.gov.hk/en/sfo/preprimary/index.htm"},"name_en":{"confidence":"high","needs_review":false,"source_url":"https://www.wfsfaa.gov.hk/en/sfo/preprimary/index.htm"},"responsible_department":{"confidence":"high","needs_review":false,"source_url":"https://www.wfsfaa.gov.hk/en/sfo/index.htm"},"target_applicants":{"confidence":"medium","needs_review":true,"source_url":"https://www.wfsfaa.gov.hk/en/sfo/preprimary/index.htm"},"education_level":{"confidence":"high","needs_review":false,"source_url":"https://www.wfsfaa.gov.hk/en/sfo/preprimary/index.htm"},"eligibility_criteria":{"confidence":"medium","needs_review":true,"source_url":"https://www.wfsfaa.gov.hk/en/sfo/preprimary/index.htm"},"means_test_requirement":{"confidence":"medium","needs_review":true,"source_url":"https://www.wfsfaa.gov.hk/en/sfo/preprimary/index.htm"},"residency_requirement":{"confidence":"medium","needs_review":true,"source_url":"https://www.wfsfaa.gov.hk/en/sfo/preprimary/index.htm"},"student_status_requirement":{"confidence":"high","needs_review":false,"source_url":"https://www.wfsfaa.gov.hk/en/sfo/preprimary/index.htm"},"household_requirement":{"confidence":"medium","needs_review":true,"source_url":"https://www.wfsfaa.gov.hk/en/sfo/preprimary/index.htm"},"application_period":{"confidence":"low","needs_review":true,"source_url":"https://www.wfsfaa.gov.hk/en/sfo/preprimary/index.htm"},"application_method":{"confidence":"medium","needs_review":true,"source_url":"https://www.wfsfaa.gov.hk/en/sfo/preprimary/index.htm"},"required_documents":{"confidence":"medium","needs_review":true,"source_url":"https://www.wfsfaa.gov.hk/en/resources/forms/form.htm"},"submission_channel":{"confidence":"medium","needs_review":true,"source_url":"https://ess.wfsfaa.gov.hk/"},"approval_timeline":{"confidence":"low","needs_review":true,"source_url":"https://www.wfsfaa.gov.hk/en/sfo/preprimary/index.htm"},"payment_arrangement":{"confidence":"medium","needs_review":true,"source_url":"https://www.wfsfaa.gov.hk/en/sfo/preprimary/index.htm"},"enquiry_phone":{"confidence":"medium","needs_review":true,"source_url":"https://www.wfsfaa.gov.hk/en/sfo/index.htm"},"enquiry_email":{"confidence":"low","needs_review":true,"source_url":"https://www.wfsfaa.gov.hk/en/sfo/index.htm"},"official_page_url":{"confidence":"medium","needs_review":true,"source_url":"https://www.wfsfaa.gov.hk/en/sfo/preprimary/index.htm"},"form_url":{"confidence":"medium","needs_review":true,"source_url":"https://www.wfsfaa.gov.hk/en/resources/forms/form.htm"},"notes":{"confidence":"low","needs_review":true,"source_url":"https://www.wfsfaa.gov.hk/en/sfo/preprimary/index.htm"}}'::jsonb, '2026-06-22T13:59:54.675Z'
) on conflict (scheme_code) do nothing;

insert into research.subsidy_schemes (scheme_code, name_zh, name_en, responsible_department, target_applicants, education_level, eligibility_criteria, means_test_requirement, residency_requirement, student_status_requirement, household_requirement, application_period, application_method, required_documents, submission_channel, approval_timeline, payment_arrangement, enquiry_phone, enquiry_email, official_page_url, form_url, notes, child_friendly, field_meta, last_checked_at) values (
'KGSE', '幼稚園學生就學開支津貼', 'Grant for School-related Expenses for Kindergarten Students', '在學資助處（學生資助處），隸屬工作及學生資助辦事處（WFSFAA）', '獲幼稚園及幼兒中心學費減免（全免或半免）的合資格幼稚園學生家庭', '["kindergarten"]'::jsonb, '["通常須先符合 / 已獲學費減免計劃資助","用以補助書簿、文具等就學相關開支","一般以定額發放"]'::jsonb, '與學費減免計劃同一入息審查掛鈎；金額每學年公布，需人手核實。', '一般須為香港居民。', '子女須就讀合資格幼稚園 / 幼兒中心。', '以家庭為單位。', '通常隨學費減免一併申請；需人手核實。', '一般隨學前學生資助申請一併處理，毋須另交申請。', '["與學費減免計劃相同的文件"]'::jsonb, '經 SFO E-link 或綜合學前申請遞交。', '以通知書為準。', '一般以定額自動轉賬發放。', '2802 2345', '請參考官方聯絡頁。', 'https://www.wfsfaa.gov.hk/en/sfo/preprimary/index.htm', 'https://www.wfsfaa.gov.hk/en/resources/forms/form.htm', '["與學費減免計劃的資格掛鈎及定額金額需核實。"]'::jsonb, '{"what_helps":"呢個資助幫你買幼稚園嘅書同文具。","who_can_apply":"已經攞到幼稚園學費減免嘅家庭。","what_to_prepare":"同申請學費減免一樣嘅文件。","how_to_apply":"通常申請學費減免時會一齊計，唔使另外交。","after_apply":"政府會連同學費減免一齊批。","when_money":"批咗會發一筆定額津貼。","who_to_ask":"可以打俾學生資助處或問幼稚園。"}'::jsonb, '{"name_zh":{"confidence":"high","needs_review":false,"source_url":"https://www.wfsfaa.gov.hk/en/sfo/preprimary/index.htm"},"name_en":{"confidence":"high","needs_review":false,"source_url":"https://www.wfsfaa.gov.hk/en/sfo/preprimary/index.htm"},"responsible_department":{"confidence":"high","needs_review":false,"source_url":"https://www.wfsfaa.gov.hk/en/sfo/index.htm"},"target_applicants":{"confidence":"medium","needs_review":true,"source_url":"https://www.wfsfaa.gov.hk/en/sfo/preprimary/index.htm"},"education_level":{"confidence":"high","needs_review":false,"source_url":"https://www.wfsfaa.gov.hk/en/sfo/preprimary/index.htm"},"eligibility_criteria":{"confidence":"medium","needs_review":true,"source_url":"https://www.wfsfaa.gov.hk/en/sfo/preprimary/index.htm"},"means_test_requirement":{"confidence":"medium","needs_review":true,"source_url":"https://www.wfsfaa.gov.hk/en/sfo/preprimary/index.htm"},"residency_requirement":{"confidence":"medium","needs_review":true,"source_url":"https://www.wfsfaa.gov.hk/en/sfo/preprimary/index.htm"},"student_status_requirement":{"confidence":"high","needs_review":false,"source_url":"https://www.wfsfaa.gov.hk/en/sfo/preprimary/index.htm"},"household_requirement":{"confidence":"medium","needs_review":true,"source_url":"https://www.wfsfaa.gov.hk/en/sfo/preprimary/index.htm"},"application_period":{"confidence":"low","needs_review":true,"source_url":"https://www.wfsfaa.gov.hk/en/sfo/preprimary/index.htm"},"application_method":{"confidence":"medium","needs_review":true,"source_url":"https://www.wfsfaa.gov.hk/en/sfo/preprimary/index.htm"},"required_documents":{"confidence":"medium","needs_review":true,"source_url":"https://www.wfsfaa.gov.hk/en/resources/forms/form.htm"},"submission_channel":{"confidence":"medium","needs_review":true,"source_url":"https://ess.wfsfaa.gov.hk/"},"approval_timeline":{"confidence":"low","needs_review":true,"source_url":"https://www.wfsfaa.gov.hk/en/sfo/preprimary/index.htm"},"payment_arrangement":{"confidence":"medium","needs_review":true,"source_url":"https://www.wfsfaa.gov.hk/en/sfo/preprimary/index.htm"},"enquiry_phone":{"confidence":"medium","needs_review":true,"source_url":"https://www.wfsfaa.gov.hk/en/sfo/index.htm"},"enquiry_email":{"confidence":"low","needs_review":true,"source_url":"https://www.wfsfaa.gov.hk/en/sfo/index.htm"},"official_page_url":{"confidence":"medium","needs_review":true,"source_url":"https://www.wfsfaa.gov.hk/en/sfo/preprimary/index.htm"},"form_url":{"confidence":"medium","needs_review":true,"source_url":"https://www.wfsfaa.gov.hk/en/resources/forms/form.htm"},"notes":{"confidence":"low","needs_review":true,"source_url":"https://www.wfsfaa.gov.hk/en/sfo/preprimary/index.htm"}}'::jsonb, '2026-06-22T13:59:54.675Z'
) on conflict (scheme_code) do nothing;

insert into research.subsidy_schemes (scheme_code, name_zh, name_en, responsible_department, target_applicants, education_level, eligibility_criteria, means_test_requirement, residency_requirement, student_status_requirement, household_requirement, application_period, application_method, required_documents, submission_channel, approval_timeline, payment_arrangement, enquiry_phone, enquiry_email, official_page_url, form_url, notes, child_friendly, field_meta, last_checked_at) values (
'WFA', '在職家庭津貼計劃', 'Working Family Allowance Scheme', '在職家庭津貼辦事處（隸屬工作及學生資助辦事處 WFSFAA）', '有成員在職、收入及資產低於上限、並非領取綜援的家庭；設有兒童津貼補助在學子女', '["kindergarten","primary","secondary","tertiary"]'::jsonb, '["住戶須有成員達到每月工時要求","住戶收入及資產不超過指定上限","並非正領取綜援","兒童津貼按合資格兒童人數發放"]'::jsonb, '設入息及資產審查；工時要求、入息上限及津貼額每年公布，需人手核實。', '住戶成員一般須為香港居民並通常居於香港。', '兒童津貼適用於 15 歲以下、或 15 歲或以上仍在學的合資格兒童（確實年齡 / 在學定義需核實）。', '以住戶為單位申請及審查。', '可全年申請，每次申請涵蓋指定的申領月份；需人手核實。', '填寫在職家庭津貼申請表，連同入息、工時及住址證明遞交在職家庭津貼辦事處。', '["申請人及住戶成員身份證明","入息證明","工時證明（如糧單 / 僱主證明）","住址證明","在學子女學生證明","銀行戶口資料"]'::jsonb, '可郵寄、親身或經電子途徑遞交（以官方公布為準）。', '以審批通知書為準。', '獲批津貼一般以自動轉賬一筆過或分期存入戶口。', '2558 3000', '請參考在職家庭津貼辦事處官方聯絡頁。', 'https://www.wfsfaa.gov.hk/wfao/en/index.htm', 'https://www.wfsfaa.gov.hk/en/resources/forms/form.htm', '["綜援與在職家庭津貼不可同時領取。","工時門檻、入息上限、全額/基本/中額分級及津貼額每年更新，需核實。"]'::jsonb, '{"what_helps":"呢個資助幫有人返工但收入唔多嘅家庭，仲有錢幫補在學嘅小朋友。","who_can_apply":"屋企有人返工、收入唔高、又無攞綜援嘅家庭。","what_to_prepare":"身份證、入息證明、返工時數證明同住址證明。","how_to_apply":"填在職家庭津貼申請表，連文件交去津貼辦事處。","after_apply":"政府會睇你返工時數同屋企收入。","when_money":"批咗會過數入你嘅銀行戶口。","who_to_ask":"可以打俾在職家庭津貼辦事處查詢。"}'::jsonb, '{"name_zh":{"confidence":"high","needs_review":false,"source_url":"https://www.wfsfaa.gov.hk/wfao/en/index.htm"},"name_en":{"confidence":"high","needs_review":false,"source_url":"https://www.wfsfaa.gov.hk/wfao/en/index.htm"},"responsible_department":{"confidence":"high","needs_review":false,"source_url":"https://www.wfsfaa.gov.hk/wfao/en/index.htm"},"target_applicants":{"confidence":"medium","needs_review":true,"source_url":"https://www.wfsfaa.gov.hk/wfao/en/index.htm"},"education_level":{"confidence":"medium","needs_review":true,"source_url":"https://www.wfsfaa.gov.hk/wfao/en/index.htm"},"eligibility_criteria":{"confidence":"medium","needs_review":true,"source_url":"https://www.wfsfaa.gov.hk/wfao/en/index.htm"},"means_test_requirement":{"confidence":"medium","needs_review":true,"source_url":"https://www.wfsfaa.gov.hk/wfao/en/index.htm"},"residency_requirement":{"confidence":"medium","needs_review":true,"source_url":"https://www.wfsfaa.gov.hk/wfao/en/index.htm"},"student_status_requirement":{"confidence":"medium","needs_review":true,"source_url":"https://www.wfsfaa.gov.hk/wfao/en/index.htm"},"household_requirement":{"confidence":"high","needs_review":false,"source_url":"https://www.wfsfaa.gov.hk/wfao/en/index.htm"},"application_period":{"confidence":"medium","needs_review":true,"source_url":"https://www.wfsfaa.gov.hk/wfao/en/index.htm"},"application_method":{"confidence":"medium","needs_review":true,"source_url":"https://www.wfsfaa.gov.hk/wfao/en/index.htm"},"required_documents":{"confidence":"medium","needs_review":true,"source_url":"https://www.wfsfaa.gov.hk/wfao/en/index.htm"},"submission_channel":{"confidence":"medium","needs_review":true,"source_url":"https://www.wfsfaa.gov.hk/wfao/en/index.htm"},"approval_timeline":{"confidence":"low","needs_review":true,"source_url":"https://www.wfsfaa.gov.hk/wfao/en/index.htm"},"payment_arrangement":{"confidence":"medium","needs_review":true,"source_url":"https://www.wfsfaa.gov.hk/wfao/en/index.htm"},"enquiry_phone":{"confidence":"medium","needs_review":true,"source_url":"https://www.wfsfaa.gov.hk/wfao/en/index.htm"},"enquiry_email":{"confidence":"low","needs_review":true,"source_url":"https://www.wfsfaa.gov.hk/wfao/en/index.htm"},"official_page_url":{"confidence":"high","needs_review":false,"source_url":"https://www.wfsfaa.gov.hk/wfao/en/index.htm"},"form_url":{"confidence":"medium","needs_review":true,"source_url":"https://www.wfsfaa.gov.hk/en/resources/forms/form.htm"},"notes":{"confidence":"medium","needs_review":true,"source_url":"https://www.wfsfaa.gov.hk/wfao/en/index.htm"}}'::jsonb, '2026-06-22T13:59:54.675Z'
) on conflict (scheme_code) do nothing;

insert into research.subsidy_schemes (scheme_code, name_zh, name_en, responsible_department, target_applicants, education_level, eligibility_criteria, means_test_requirement, residency_requirement, student_status_requirement, household_requirement, application_period, application_method, required_documents, submission_channel, approval_timeline, payment_arrangement, enquiry_phone, enquiry_email, official_page_url, form_url, notes, child_friendly, field_meta, last_checked_at) values (
'CSSA', '綜合社會保障援助（綜援）學生相關支援', 'Comprehensive Social Security Assistance (Student-related support)', '社會福利署（SWD）', '正領取綜援、有在學子女的家庭', '["kindergarten","primary","secondary","tertiary"]'::jsonb, '["家庭正領取綜援","有在學子女","學校相關開支（如書簿、車船、就學津貼）一般隨綜援個案以特別津貼形式發放"]'::jsonb, '綜援本身設入息及資產審查；學生相關特別津貼隨個案發放，金額每年公布，需核實。', '須符合綜援的居港年期等資格要求（以社署公布為準）。', '子女須為在學學生。', '以綜援住戶為單位。', '全年接受綜援申請。', '向社會福利署申請綜援；學生相關津貼由社署按個案發放，毋須另向學生資助處申請。', '["申請人及家庭成員身份證明","在學子女學生證明","綜援相關文件","銀行戶口資料"]'::jsonb, '經社會福利署各區社會保障辦事處辦理。', '以社署通知為準。', '學生相關特別津貼隨綜援按月／按需發放。', '2343 2255', '請參考社會福利署官方聯絡頁。', 'https://www.swd.gov.hk/en/index/site_pubsvc/page_socsecu/sub_comprehens/', 'https://www.swd.gov.hk/en/index/site_pubsvc/page_socsecu/sub_comprehens/', '["本項由社會福利署（非 WFSFAA）負責，作為相關支援列出。","綜援家庭一般毋須另行申請書簿等學生資助計劃津貼，以免重複。"]'::jsonb, '{"what_helps":"如果你屋企攞緊綜援，讀書嘅開支通常已經包喺綜援度。","who_can_apply":"正領緊綜援、有小朋友讀書嘅家庭。","what_to_prepare":"綜援文件、學生證明同身份證。","how_to_apply":"向社會福利署講你有在學子女就得，唔使另外申請書簿津貼。","after_apply":"社署會喺你嘅綜援個案加返學生津貼。","when_money":"津貼會隨綜援一齊發放。","who_to_ask":"可以打俾社會福利署或問你個案嘅職員。"}'::jsonb, '{"name_zh":{"confidence":"high","needs_review":false,"source_url":"https://www.swd.gov.hk/en/index/site_pubsvc/page_socsecu/sub_comprehens/"},"name_en":{"confidence":"high","needs_review":false,"source_url":"https://www.swd.gov.hk/en/index/site_pubsvc/page_socsecu/sub_comprehens/"},"responsible_department":{"confidence":"high","needs_review":false,"source_url":"https://www.swd.gov.hk/en/index/site_pubsvc/page_socsecu/sub_comprehens/"},"target_applicants":{"confidence":"high","needs_review":false,"source_url":"https://www.swd.gov.hk/en/index/site_pubsvc/page_socsecu/sub_comprehens/"},"education_level":{"confidence":"medium","needs_review":true,"source_url":"https://www.swd.gov.hk/en/index/site_pubsvc/page_socsecu/sub_comprehens/"},"eligibility_criteria":{"confidence":"medium","needs_review":true,"source_url":"https://www.swd.gov.hk/en/index/site_pubsvc/page_socsecu/sub_comprehens/"},"means_test_requirement":{"confidence":"medium","needs_review":true,"source_url":"https://www.swd.gov.hk/en/index/site_pubsvc/page_socsecu/sub_comprehens/"},"residency_requirement":{"confidence":"medium","needs_review":true,"source_url":"https://www.swd.gov.hk/en/index/site_pubsvc/page_socsecu/sub_comprehens/"},"student_status_requirement":{"confidence":"high","needs_review":false,"source_url":"https://www.swd.gov.hk/en/index/site_pubsvc/page_socsecu/sub_comprehens/"},"household_requirement":{"confidence":"high","needs_review":false,"source_url":"https://www.swd.gov.hk/en/index/site_pubsvc/page_socsecu/sub_comprehens/"},"application_period":{"confidence":"medium","needs_review":true,"source_url":"https://www.swd.gov.hk/en/index/site_pubsvc/page_socsecu/sub_comprehens/"},"application_method":{"confidence":"medium","needs_review":true,"source_url":"https://www.swd.gov.hk/en/index/site_pubsvc/page_socsecu/sub_comprehens/"},"required_documents":{"confidence":"medium","needs_review":true,"source_url":"https://www.swd.gov.hk/en/index/site_pubsvc/page_socsecu/sub_comprehens/"},"submission_channel":{"confidence":"medium","needs_review":true,"source_url":"https://www.swd.gov.hk/en/index/site_pubsvc/page_socsecu/sub_comprehens/"},"approval_timeline":{"confidence":"low","needs_review":true,"source_url":"https://www.swd.gov.hk/en/index/site_pubsvc/page_socsecu/sub_comprehens/"},"payment_arrangement":{"confidence":"medium","needs_review":true,"source_url":"https://www.swd.gov.hk/en/index/site_pubsvc/page_socsecu/sub_comprehens/"},"enquiry_phone":{"confidence":"medium","needs_review":true,"source_url":"https://www.swd.gov.hk/en/index/site_pubsvc/page_socsecu/sub_comprehens/"},"enquiry_email":{"confidence":"low","needs_review":true,"source_url":"https://www.swd.gov.hk/en/index/site_pubsvc/page_socsecu/sub_comprehens/"},"official_page_url":{"confidence":"high","needs_review":false,"source_url":"https://www.swd.gov.hk/en/index/site_pubsvc/page_socsecu/sub_comprehens/"},"form_url":{"confidence":"low","needs_review":true,"source_url":"https://www.swd.gov.hk/en/index/site_pubsvc/page_socsecu/sub_comprehens/"},"notes":{"confidence":"medium","needs_review":true,"source_url":"https://www.swd.gov.hk/en/index/site_pubsvc/page_socsecu/sub_comprehens/"}}'::jsonb, '2026-06-22T13:59:54.675Z'
) on conflict (scheme_code) do nothing;

-- ---------- subsidy_eligibility_rules ----------
insert into research.subsidy_eligibility_rules (scheme_code, seq, field, operator, value, source_url, confidence, needs_review) values ('TA', 1, 'education_level', 'in', '["primary","secondary"]'::jsonb, 'https://www.wfsfaa.gov.hk/en/sfo/primarysecondary/tt/overview.php', 'high', false) on conflict (scheme_code, seq) do nothing;
insert into research.subsidy_eligibility_rules (scheme_code, seq, field, operator, value, source_url, confidence, needs_review) values ('TA', 2, 'means_test_required', 'equals', 'true'::jsonb, 'https://www.wfsfaa.gov.hk/en/sfo/primarysecondary/tt/overview.php', 'high', false) on conflict (scheme_code, seq) do nothing;
insert into research.subsidy_eligibility_rules (scheme_code, seq, field, operator, value, source_url, confidence, needs_review) values ('TA', 3, 'is_hong_kong_resident', 'equals', 'true'::jsonb, 'https://www.wfsfaa.gov.hk/en/sfo/primarysecondary/tt/overview.php', 'medium', true) on conflict (scheme_code, seq) do nothing;
insert into research.subsidy_eligibility_rules (scheme_code, seq, field, operator, value, source_url, confidence, needs_review) values ('TA', 4, 'on_cssa', 'equals', 'false'::jsonb, 'https://www.wfsfaa.gov.hk/en/sfo/primarysecondary/tt/overview.php', 'medium', true) on conflict (scheme_code, seq) do nothing;
insert into research.subsidy_eligibility_rules (scheme_code, seq, field, operator, value, source_url, confidence, needs_review) values ('STS', 1, 'education_level', 'in', '["primary","secondary","tertiary"]'::jsonb, 'https://www.wfsfaa.gov.hk/en/sfo/primarysecondary/tt/overview.php', 'medium', true) on conflict (scheme_code, seq) do nothing;
insert into research.subsidy_eligibility_rules (scheme_code, seq, field, operator, value, source_url, confidence, needs_review) values ('STS', 2, 'means_test_required', 'equals', 'true'::jsonb, 'https://www.wfsfaa.gov.hk/en/sfo/primarysecondary/tt/overview.php', 'high', false) on conflict (scheme_code, seq) do nothing;
insert into research.subsidy_eligibility_rules (scheme_code, seq, field, operator, value, source_url, confidence, needs_review) values ('STS', 3, 'needs_travel_support', 'equals', 'true'::jsonb, 'https://www.wfsfaa.gov.hk/en/sfo/primarysecondary/tt/overview.php', 'medium', true) on conflict (scheme_code, seq) do nothing;
insert into research.subsidy_eligibility_rules (scheme_code, seq, field, operator, value, source_url, confidence, needs_review) values ('STS', 4, 'is_hong_kong_resident', 'equals', 'true'::jsonb, 'https://www.wfsfaa.gov.hk/en/sfo/primarysecondary/tt/overview.php', 'medium', true) on conflict (scheme_code, seq) do nothing;
insert into research.subsidy_eligibility_rules (scheme_code, seq, field, operator, value, source_url, confidence, needs_review) values ('IA', 1, 'education_level', 'in', '["kindergarten","primary","secondary"]'::jsonb, 'https://www.wfsfaa.gov.hk/en/sfo/primarysecondary/tt/overview.php', 'medium', true) on conflict (scheme_code, seq) do nothing;
insert into research.subsidy_eligibility_rules (scheme_code, seq, field, operator, value, source_url, confidence, needs_review) values ('IA', 2, 'means_test_required', 'equals', 'true'::jsonb, 'https://www.wfsfaa.gov.hk/en/sfo/primarysecondary/tt/overview.php', 'medium', true) on conflict (scheme_code, seq) do nothing;
insert into research.subsidy_eligibility_rules (scheme_code, seq, field, operator, value, source_url, confidence, needs_review) values ('IA', 3, 'needs_internet_support', 'equals', 'true'::jsonb, 'https://www.wfsfaa.gov.hk/en/sfo/primarysecondary/tt/overview.php', 'medium', true) on conflict (scheme_code, seq) do nothing;
insert into research.subsidy_eligibility_rules (scheme_code, seq, field, operator, value, source_url, confidence, needs_review) values ('KCFRS', 1, 'education_level', 'in', '["kindergarten"]'::jsonb, 'https://www.wfsfaa.gov.hk/en/sfo/preprimary/index.htm', 'high', false) on conflict (scheme_code, seq) do nothing;
insert into research.subsidy_eligibility_rules (scheme_code, seq, field, operator, value, source_url, confidence, needs_review) values ('KCFRS', 2, 'means_test_required', 'equals', 'true'::jsonb, 'https://www.wfsfaa.gov.hk/en/sfo/preprimary/index.htm', 'high', false) on conflict (scheme_code, seq) do nothing;
insert into research.subsidy_eligibility_rules (scheme_code, seq, field, operator, value, source_url, confidence, needs_review) values ('KCFRS', 3, 'is_hong_kong_resident', 'equals', 'true'::jsonb, 'https://www.wfsfaa.gov.hk/en/sfo/preprimary/index.htm', 'medium', true) on conflict (scheme_code, seq) do nothing;
insert into research.subsidy_eligibility_rules (scheme_code, seq, field, operator, value, source_url, confidence, needs_review) values ('KGSE', 1, 'education_level', 'in', '["kindergarten"]'::jsonb, 'https://www.wfsfaa.gov.hk/en/sfo/preprimary/index.htm', 'high', false) on conflict (scheme_code, seq) do nothing;
insert into research.subsidy_eligibility_rules (scheme_code, seq, field, operator, value, source_url, confidence, needs_review) values ('KGSE', 2, 'means_test_required', 'equals', 'true'::jsonb, 'https://www.wfsfaa.gov.hk/en/sfo/preprimary/index.htm', 'high', false) on conflict (scheme_code, seq) do nothing;
insert into research.subsidy_eligibility_rules (scheme_code, seq, field, operator, value, source_url, confidence, needs_review) values ('KGSE', 3, 'linked_to_fee_remission', 'equals', 'true'::jsonb, 'https://www.wfsfaa.gov.hk/en/sfo/preprimary/index.htm', 'medium', true) on conflict (scheme_code, seq) do nothing;
insert into research.subsidy_eligibility_rules (scheme_code, seq, field, operator, value, source_url, confidence, needs_review) values ('WFA', 1, 'means_test_required', 'equals', 'true'::jsonb, 'https://www.wfsfaa.gov.hk/wfao/en/index.htm', 'high', false) on conflict (scheme_code, seq) do nothing;
insert into research.subsidy_eligibility_rules (scheme_code, seq, field, operator, value, source_url, confidence, needs_review) values ('WFA', 2, 'on_cssa', 'equals', 'false'::jsonb, 'https://www.wfsfaa.gov.hk/wfao/en/index.htm', 'high', false) on conflict (scheme_code, seq) do nothing;
insert into research.subsidy_eligibility_rules (scheme_code, seq, field, operator, value, source_url, confidence, needs_review) values ('WFA', 3, 'has_working_member', 'equals', 'true'::jsonb, 'https://www.wfsfaa.gov.hk/wfao/en/index.htm', 'medium', true) on conflict (scheme_code, seq) do nothing;
insert into research.subsidy_eligibility_rules (scheme_code, seq, field, operator, value, source_url, confidence, needs_review) values ('WFA', 4, 'is_hong_kong_resident', 'equals', 'true'::jsonb, 'https://www.wfsfaa.gov.hk/wfao/en/index.htm', 'medium', true) on conflict (scheme_code, seq) do nothing;
insert into research.subsidy_eligibility_rules (scheme_code, seq, field, operator, value, source_url, confidence, needs_review) values ('CSSA', 1, 'on_cssa', 'equals', 'true'::jsonb, 'https://www.swd.gov.hk/en/index/site_pubsvc/page_socsecu/sub_comprehens/', 'high', false) on conflict (scheme_code, seq) do nothing;
insert into research.subsidy_eligibility_rules (scheme_code, seq, field, operator, value, source_url, confidence, needs_review) values ('CSSA', 2, 'has_student', 'equals', 'true'::jsonb, 'https://www.swd.gov.hk/en/index/site_pubsvc/page_socsecu/sub_comprehens/', 'high', false) on conflict (scheme_code, seq) do nothing;

-- ---------- subsidy_documents ----------
insert into research.subsidy_documents (scheme_code, seq, document_label, required, confidence, needs_review, source_url, last_checked_at) values ('TA', 1, '申請人身份證明文件', true, 'medium', true, 'https://www.wfsfaa.gov.hk/en/resources/forms/form.htm', '2026-06-22T13:59:54.675Z') on conflict (scheme_code, seq) do nothing;
insert into research.subsidy_documents (scheme_code, seq, document_label, required, confidence, needs_review, source_url, last_checked_at) values ('TA', 2, '學生身份證明 / 出生證明', true, 'medium', true, 'https://www.wfsfaa.gov.hk/en/resources/forms/form.htm', '2026-06-22T13:59:54.675Z') on conflict (scheme_code, seq) do nothing;
insert into research.subsidy_documents (scheme_code, seq, document_label, required, confidence, needs_review, source_url, last_checked_at) values ('TA', 3, '住址證明', true, 'medium', true, 'https://www.wfsfaa.gov.hk/en/resources/forms/form.htm', '2026-06-22T13:59:54.675Z') on conflict (scheme_code, seq) do nothing;
insert into research.subsidy_documents (scheme_code, seq, document_label, required, confidence, needs_review, source_url, last_checked_at) values ('TA', 4, '家庭成員入息證明', true, 'medium', true, 'https://www.wfsfaa.gov.hk/en/resources/forms/form.htm', '2026-06-22T13:59:54.675Z') on conflict (scheme_code, seq) do nothing;
insert into research.subsidy_documents (scheme_code, seq, document_label, required, confidence, needs_review, source_url, last_checked_at) values ('TA', 5, '銀行戶口資料（用作發放津貼）', true, 'medium', true, 'https://www.wfsfaa.gov.hk/en/resources/forms/form.htm', '2026-06-22T13:59:54.675Z') on conflict (scheme_code, seq) do nothing;
insert into research.subsidy_documents (scheme_code, seq, document_label, required, confidence, needs_review, source_url, last_checked_at) values ('STS', 1, '申請人身份證明', true, 'medium', true, 'https://www.wfsfaa.gov.hk/en/resources/forms/form.htm', '2026-06-22T13:59:54.675Z') on conflict (scheme_code, seq) do nothing;
insert into research.subsidy_documents (scheme_code, seq, document_label, required, confidence, needs_review, source_url, last_checked_at) values ('STS', 2, '學生證明', true, 'medium', true, 'https://www.wfsfaa.gov.hk/en/resources/forms/form.htm', '2026-06-22T13:59:54.675Z') on conflict (scheme_code, seq) do nothing;
insert into research.subsidy_documents (scheme_code, seq, document_label, required, confidence, needs_review, source_url, last_checked_at) values ('STS', 3, '住址證明', true, 'medium', true, 'https://www.wfsfaa.gov.hk/en/resources/forms/form.htm', '2026-06-22T13:59:54.675Z') on conflict (scheme_code, seq) do nothing;
insert into research.subsidy_documents (scheme_code, seq, document_label, required, confidence, needs_review, source_url, last_checked_at) values ('STS', 4, '入息證明', true, 'medium', true, 'https://www.wfsfaa.gov.hk/en/resources/forms/form.htm', '2026-06-22T13:59:54.675Z') on conflict (scheme_code, seq) do nothing;
insert into research.subsidy_documents (scheme_code, seq, document_label, required, confidence, needs_review, source_url, last_checked_at) values ('STS', 5, '銀行戶口資料', true, 'medium', true, 'https://www.wfsfaa.gov.hk/en/resources/forms/form.htm', '2026-06-22T13:59:54.675Z') on conflict (scheme_code, seq) do nothing;
insert into research.subsidy_documents (scheme_code, seq, document_label, required, confidence, needs_review, source_url, last_checked_at) values ('IA', 1, '申請人身份證明', true, 'medium', true, 'https://www.wfsfaa.gov.hk/en/resources/forms/form.htm', '2026-06-22T13:59:54.675Z') on conflict (scheme_code, seq) do nothing;
insert into research.subsidy_documents (scheme_code, seq, document_label, required, confidence, needs_review, source_url, last_checked_at) values ('IA', 2, '學生證明', true, 'medium', true, 'https://www.wfsfaa.gov.hk/en/resources/forms/form.htm', '2026-06-22T13:59:54.675Z') on conflict (scheme_code, seq) do nothing;
insert into research.subsidy_documents (scheme_code, seq, document_label, required, confidence, needs_review, source_url, last_checked_at) values ('IA', 3, '住址證明', true, 'medium', true, 'https://www.wfsfaa.gov.hk/en/resources/forms/form.htm', '2026-06-22T13:59:54.675Z') on conflict (scheme_code, seq) do nothing;
insert into research.subsidy_documents (scheme_code, seq, document_label, required, confidence, needs_review, source_url, last_checked_at) values ('IA', 4, '入息或綜援證明', true, 'medium', true, 'https://www.wfsfaa.gov.hk/en/resources/forms/form.htm', '2026-06-22T13:59:54.675Z') on conflict (scheme_code, seq) do nothing;
insert into research.subsidy_documents (scheme_code, seq, document_label, required, confidence, needs_review, source_url, last_checked_at) values ('IA', 5, '銀行戶口資料', true, 'medium', true, 'https://www.wfsfaa.gov.hk/en/resources/forms/form.htm', '2026-06-22T13:59:54.675Z') on conflict (scheme_code, seq) do nothing;
insert into research.subsidy_documents (scheme_code, seq, document_label, required, confidence, needs_review, source_url, last_checked_at) values ('KCFRS', 1, '申請人身份證明', true, 'medium', true, 'https://www.wfsfaa.gov.hk/en/resources/forms/form.htm', '2026-06-22T13:59:54.675Z') on conflict (scheme_code, seq) do nothing;
insert into research.subsidy_documents (scheme_code, seq, document_label, required, confidence, needs_review, source_url, last_checked_at) values ('KCFRS', 2, '子女出生證明 / 身份證明', true, 'medium', true, 'https://www.wfsfaa.gov.hk/en/resources/forms/form.htm', '2026-06-22T13:59:54.675Z') on conflict (scheme_code, seq) do nothing;
insert into research.subsidy_documents (scheme_code, seq, document_label, required, confidence, needs_review, source_url, last_checked_at) values ('KCFRS', 3, '住址證明', true, 'medium', true, 'https://www.wfsfaa.gov.hk/en/resources/forms/form.htm', '2026-06-22T13:59:54.675Z') on conflict (scheme_code, seq) do nothing;
insert into research.subsidy_documents (scheme_code, seq, document_label, required, confidence, needs_review, source_url, last_checked_at) values ('KCFRS', 4, '入息證明', true, 'medium', true, 'https://www.wfsfaa.gov.hk/en/resources/forms/form.htm', '2026-06-22T13:59:54.675Z') on conflict (scheme_code, seq) do nothing;
insert into research.subsidy_documents (scheme_code, seq, document_label, required, confidence, needs_review, source_url, last_checked_at) values ('KCFRS', 5, '銀行戶口資料', true, 'medium', true, 'https://www.wfsfaa.gov.hk/en/resources/forms/form.htm', '2026-06-22T13:59:54.675Z') on conflict (scheme_code, seq) do nothing;
insert into research.subsidy_documents (scheme_code, seq, document_label, required, confidence, needs_review, source_url, last_checked_at) values ('KGSE', 1, '與學費減免計劃相同的文件', true, 'medium', true, 'https://www.wfsfaa.gov.hk/en/resources/forms/form.htm', '2026-06-22T13:59:54.675Z') on conflict (scheme_code, seq) do nothing;
insert into research.subsidy_documents (scheme_code, seq, document_label, required, confidence, needs_review, source_url, last_checked_at) values ('WFA', 1, '申請人及住戶成員身份證明', true, 'medium', true, 'https://www.wfsfaa.gov.hk/wfao/en/index.htm', '2026-06-22T13:59:54.675Z') on conflict (scheme_code, seq) do nothing;
insert into research.subsidy_documents (scheme_code, seq, document_label, required, confidence, needs_review, source_url, last_checked_at) values ('WFA', 2, '入息證明', true, 'medium', true, 'https://www.wfsfaa.gov.hk/wfao/en/index.htm', '2026-06-22T13:59:54.675Z') on conflict (scheme_code, seq) do nothing;
insert into research.subsidy_documents (scheme_code, seq, document_label, required, confidence, needs_review, source_url, last_checked_at) values ('WFA', 3, '工時證明（如糧單 / 僱主證明）', true, 'medium', true, 'https://www.wfsfaa.gov.hk/wfao/en/index.htm', '2026-06-22T13:59:54.675Z') on conflict (scheme_code, seq) do nothing;
insert into research.subsidy_documents (scheme_code, seq, document_label, required, confidence, needs_review, source_url, last_checked_at) values ('WFA', 4, '住址證明', true, 'medium', true, 'https://www.wfsfaa.gov.hk/wfao/en/index.htm', '2026-06-22T13:59:54.675Z') on conflict (scheme_code, seq) do nothing;
insert into research.subsidy_documents (scheme_code, seq, document_label, required, confidence, needs_review, source_url, last_checked_at) values ('WFA', 5, '在學子女學生證明', true, 'medium', true, 'https://www.wfsfaa.gov.hk/wfao/en/index.htm', '2026-06-22T13:59:54.675Z') on conflict (scheme_code, seq) do nothing;
insert into research.subsidy_documents (scheme_code, seq, document_label, required, confidence, needs_review, source_url, last_checked_at) values ('WFA', 6, '銀行戶口資料', true, 'medium', true, 'https://www.wfsfaa.gov.hk/wfao/en/index.htm', '2026-06-22T13:59:54.675Z') on conflict (scheme_code, seq) do nothing;
insert into research.subsidy_documents (scheme_code, seq, document_label, required, confidence, needs_review, source_url, last_checked_at) values ('CSSA', 1, '申請人及家庭成員身份證明', true, 'medium', true, 'https://www.swd.gov.hk/en/index/site_pubsvc/page_socsecu/sub_comprehens/', '2026-06-22T13:59:54.675Z') on conflict (scheme_code, seq) do nothing;
insert into research.subsidy_documents (scheme_code, seq, document_label, required, confidence, needs_review, source_url, last_checked_at) values ('CSSA', 2, '在學子女學生證明', true, 'medium', true, 'https://www.swd.gov.hk/en/index/site_pubsvc/page_socsecu/sub_comprehens/', '2026-06-22T13:59:54.675Z') on conflict (scheme_code, seq) do nothing;
insert into research.subsidy_documents (scheme_code, seq, document_label, required, confidence, needs_review, source_url, last_checked_at) values ('CSSA', 3, '綜援相關文件', true, 'medium', true, 'https://www.swd.gov.hk/en/index/site_pubsvc/page_socsecu/sub_comprehens/', '2026-06-22T13:59:54.675Z') on conflict (scheme_code, seq) do nothing;
insert into research.subsidy_documents (scheme_code, seq, document_label, required, confidence, needs_review, source_url, last_checked_at) values ('CSSA', 4, '銀行戶口資料', true, 'medium', true, 'https://www.swd.gov.hk/en/index/site_pubsvc/page_socsecu/sub_comprehens/', '2026-06-22T13:59:54.675Z') on conflict (scheme_code, seq) do nothing;

-- ---------- subsidy_terms ----------
insert into research.subsidy_terms (term_en, term_zh, simple_explanation_zh, source_url, last_checked_at) values ('means test', '入息審查', '政府睇下你屋企賺幾多錢，再決定可唔可以攞資助、攞幾多。', 'https://www.wfsfaa.gov.hk/en/sfo/primarysecondary/tt/overview.php', '2026-06-22T13:59:54.677Z') on conflict (term_en) do nothing;
insert into research.subsidy_terms (term_en, term_zh, simple_explanation_zh, source_url, last_checked_at) values ('household', '家庭 / 住戶', '住埋一齊、一齊使錢同分擔開支嘅一家人。', 'https://www.wfsfaa.gov.hk/en/sfo/primarysecondary/tt/overview.php', '2026-06-22T13:59:54.677Z') on conflict (term_en) do nothing;
insert into research.subsidy_terms (term_en, term_zh, simple_explanation_zh, source_url, last_checked_at) values ('applicant', '申請人', '填表去申請資助嗰個人，通常係爸爸媽媽或者監護人。', 'https://www.wfsfaa.gov.hk/en/sfo/index.htm', '2026-06-22T13:59:54.677Z') on conflict (term_en) do nothing;
insert into research.subsidy_terms (term_en, term_zh, simple_explanation_zh, source_url, last_checked_at) values ('student-applicant', '學生申請人', '資助係為佢而申請嘅嗰個學生。', 'https://www.wfsfaa.gov.hk/en/sfo/index.htm', '2026-06-22T13:59:54.677Z') on conflict (term_en) do nothing;
insert into research.subsidy_terms (term_en, term_zh, simple_explanation_zh, source_url, last_checked_at) values ('eligible household', '合資格住戶', '符合到政府條件、可以攞資助嗰戶人。', 'https://www.wfsfaa.gov.hk/en/sfo/primarysecondary/tt/overview.php', '2026-06-22T13:59:54.677Z') on conflict (term_en) do nothing;
insert into research.subsidy_terms (term_en, term_zh, simple_explanation_zh, source_url, last_checked_at) values ('correspondence address', '通訊地址', '政府寄信俾你嘅地址，要填一個收到信嘅地方。', 'https://www.wfsfaa.gov.hk/en/sfo/index.htm', '2026-06-22T13:59:54.677Z') on conflict (term_en) do nothing;
insert into research.subsidy_terms (term_en, term_zh, simple_explanation_zh, source_url, last_checked_at) values ('residential address', '住址', '你實際住緊嘅地方。', 'https://www.wfsfaa.gov.hk/en/sfo/index.htm', '2026-06-22T13:59:54.677Z') on conflict (term_en) do nothing;
insert into research.subsidy_terms (term_en, term_zh, simple_explanation_zh, source_url, last_checked_at) values ('supporting documents', '證明文件', '用嚟證明你講嘅嘢係真嘅文件，例如身份證、收入證明。', 'https://www.wfsfaa.gov.hk/en/sfo/primarysecondary/tt/overview.php', '2026-06-22T13:59:54.677Z') on conflict (term_en) do nothing;
insert into research.subsidy_terms (term_en, term_zh, simple_explanation_zh, source_url, last_checked_at) values ('SFO E-link', '學資處電子通', '學生資助處嘅網上系統，可以喺度交申請同睇進度。', 'https://ess.wfsfaa.gov.hk/', '2026-06-22T13:59:54.677Z') on conflict (term_en) do nothing;
insert into research.subsidy_terms (term_en, term_zh, simple_explanation_zh, source_url, last_checked_at) values ('iAM Smart / iAM Smart+', '智方便 / 智方便+', '政府嘅手機應用程式，可以用嚟登入同網上簽名，慳返填表時間。', 'https://www.iamsmart.gov.hk/', '2026-06-22T13:59:54.677Z') on conflict (term_en) do nothing;
insert into research.subsidy_terms (term_en, term_zh, simple_explanation_zh, source_url, last_checked_at) values ('full grant / half grant', '全額 / 半額資助', '全額即係攞足；半額即係攞一半，視乎你屋企收入。', 'https://www.wfsfaa.gov.hk/en/sfo/primarysecondary/tt/overview.php', '2026-06-22T13:59:54.677Z') on conflict (term_en) do nothing;
insert into research.subsidy_terms (term_en, term_zh, simple_explanation_zh, source_url, last_checked_at) values ('continuing applicant', '舊生 / 繼續申請人', '之前已經申請過、今年再申請嘅人。', 'https://www.wfsfaa.gov.hk/en/sfo/index.htm', '2026-06-22T13:59:54.677Z') on conflict (term_en) do nothing;
insert into research.subsidy_terms (term_en, term_zh, simple_explanation_zh, source_url, last_checked_at) values ('first-time applicant', '首次申請人', '第一次申請呢個資助嘅人。', 'https://www.wfsfaa.gov.hk/en/sfo/index.htm', '2026-06-22T13:59:54.677Z') on conflict (term_en) do nothing;

-- ---------- subsidy_forms ----------
insert into research.subsidy_forms (scheme_code, file_name, file_type, source_url, found_on_url, academic_year, language, checksum, bytes, downloaded_at, confidence, needs_review) values ('WFA', 'www.wfsfaa.gov.hk_wfao_pdf_WFA001B.pdf', 'pdf', 'https://www.wfsfaa.gov.hk/wfao/pdf/WFA001B.pdf', 'https://www.wfsfaa.gov.hk/en/wfao/wfas/forms.php', null, 'bilingual', 'd3547be0e802cf3f6ae642ef8a607986e6b8036bce1ec0a8e03051e68b01a551', 490770, '2026-06-22T13:59:28.683Z', 'high', true) on conflict (scheme_code, source_url) do nothing;
insert into research.subsidy_forms (scheme_code, file_name, file_type, source_url, found_on_url, academic_year, language, checksum, bytes, downloaded_at, confidence, needs_review) values ('WFA', 'www.wfsfaa.gov.hk_wfao_pdf_WFA200B.pdf', 'pdf', 'https://www.wfsfaa.gov.hk/wfao/pdf/WFA200B.pdf', 'https://www.wfsfaa.gov.hk/en/wfao/wfas/forms.php', null, 'en', 'bebd811102f66c2f7370b77c829f1522b50ed15ab88318b43f3484a5ec073862', 887138, '2026-06-22T13:59:30.371Z', 'high', true) on conflict (scheme_code, source_url) do nothing;
insert into research.subsidy_forms (scheme_code, file_name, file_type, source_url, found_on_url, academic_year, language, checksum, bytes, downloaded_at, confidence, needs_review) values ('WFA', 'www.wfsfaa.gov.hk_wfao_pdf_WFA002B.pdf', 'pdf', 'https://www.wfsfaa.gov.hk/wfao/pdf/WFA002B.pdf', 'https://www.wfsfaa.gov.hk/en/wfao/wfas/forms.php', null, 'en', '5a1757250911f94b8e9dfdbd993f77269ef4f2a5aba49bcd5d7e2dca31008633', 445077, '2026-06-22T13:59:33.451Z', 'high', true) on conflict (scheme_code, source_url) do nothing;
insert into research.subsidy_forms (scheme_code, file_name, file_type, source_url, found_on_url, academic_year, language, checksum, bytes, downloaded_at, confidence, needs_review) values ('WFA', 'www.wfsfaa.gov.hk_wfao_pdf_WFA004B.pdf', 'pdf', 'https://www.wfsfaa.gov.hk/wfao/pdf/WFA004B.pdf', 'https://www.wfsfaa.gov.hk/en/wfao/wfas/forms.php', null, 'en', '522d7a13ed44dcfb7979e01216d327c3245799b4235bf54e3c1dd45777af0293', 193246, '2026-06-22T13:59:35.166Z', 'high', true) on conflict (scheme_code, source_url) do nothing;
insert into research.subsidy_forms (scheme_code, file_name, file_type, source_url, found_on_url, academic_year, language, checksum, bytes, downloaded_at, confidence, needs_review) values ('WFA', 'www.wfsfaa.gov.hk_wfao_pdf_WFA005B.pdf', 'pdf', 'https://www.wfsfaa.gov.hk/wfao/pdf/WFA005B.pdf', 'https://www.wfsfaa.gov.hk/en/wfao/wfas/forms.php', null, 'en', 'f19ca78718b4061c7847934ca265754e4d42aa669435ab4bae54504ab31b0ec4', 249330, '2026-06-22T13:59:36.225Z', 'high', true) on conflict (scheme_code, source_url) do nothing;
insert into research.subsidy_forms (scheme_code, file_name, file_type, source_url, found_on_url, academic_year, language, checksum, bytes, downloaded_at, confidence, needs_review) values ('WFA', 'www.wfsfaa.gov.hk_wfao_pdf_WFA006B.pdf', 'pdf', 'https://www.wfsfaa.gov.hk/wfao/pdf/WFA006B.pdf', 'https://www.wfsfaa.gov.hk/en/wfao/wfas/forms.php', null, 'en', '926c437d21f30649b0b1a7b9b9a4df5e58b9fd7cd944627c95aabaea14f31da4', 301901, '2026-06-22T13:59:38.569Z', 'high', true) on conflict (scheme_code, source_url) do nothing;
insert into research.subsidy_forms (scheme_code, file_name, file_type, source_url, found_on_url, academic_year, language, checksum, bytes, downloaded_at, confidence, needs_review) values ('WFA', 'www.wfsfaa.gov.hk_wfao_pdf_WFA007B.pdf', 'pdf', 'https://www.wfsfaa.gov.hk/wfao/pdf/WFA007B.pdf', 'https://www.wfsfaa.gov.hk/en/wfao/wfas/forms.php', null, 'en', '2392cdeebc34109b5afc9d388b9b68215d4701596f46cdd1a9a5c6b1e141dcd2', 8214568, '2026-06-22T13:59:40.530Z', 'high', true) on conflict (scheme_code, source_url) do nothing;
insert into research.subsidy_forms (scheme_code, file_name, file_type, source_url, found_on_url, academic_year, language, checksum, bytes, downloaded_at, confidence, needs_review) values ('WFA', 'www.wfsfaa.gov.hk_wfao_pdf_WFA008B.pdf', 'pdf', 'https://www.wfsfaa.gov.hk/wfao/pdf/WFA008B.pdf', 'https://www.wfsfaa.gov.hk/en/wfao/wfas/forms.php', null, 'en', '5037cdebe61f97fda2fa938843a9f8e593c76a4ebf0beafd9663f01f3609d8be', 552361, '2026-06-22T13:59:42.180Z', 'high', true) on conflict (scheme_code, source_url) do nothing;
insert into research.subsidy_forms (scheme_code, file_name, file_type, source_url, found_on_url, academic_year, language, checksum, bytes, downloaded_at, confidence, needs_review) values ('WFA', 'www.wfsfaa.gov.hk_wfao_pdf_WFA009B.pdf', 'pdf', 'https://www.wfsfaa.gov.hk/wfao/pdf/WFA009B.pdf', 'https://www.wfsfaa.gov.hk/en/wfao/wfas/forms.php', null, 'en', 'f481e340de8f6fdf289bf4c8860c699f30ddb8a571d87828da1c24d67fa2d00c', 782867, '2026-06-22T13:59:44.153Z', 'high', true) on conflict (scheme_code, source_url) do nothing;
insert into research.subsidy_forms (scheme_code, file_name, file_type, source_url, found_on_url, academic_year, language, checksum, bytes, downloaded_at, confidence, needs_review) values ('WFA', 'www.wfsfaa.gov.hk_wfao_pdf_WFA100B.pdf', 'pdf', 'https://www.wfsfaa.gov.hk/wfao/pdf/WFA100B.pdf', 'https://www.wfsfaa.gov.hk/en/wfao/wfas/forms.php', null, 'en', '312dca88ccdf27d7e2be28ddc1e487e1b263edafde3af379d68b9867324589f8', 375047, '2026-06-22T13:59:46.283Z', 'high', true) on conflict (scheme_code, source_url) do nothing;

-- ---------- subsidy_source_audit ----------
insert into research.subsidy_source_audit (url, type, status, fetched_at, notes) values ('https://www.wfsfaa.gov.hk/', 'page', 200, '2026-06-22T13:59:08.826Z', '') on conflict (url) do nothing;
insert into research.subsidy_source_audit (url, type, status, fetched_at, notes) values ('https://www.wfsfaa.gov.hk/en/sfo/index.htm', 'page', 200, '2026-06-22T13:59:09.696Z', '') on conflict (url) do nothing;
insert into research.subsidy_source_audit (url, type, status, fetched_at, notes) values ('https://ess.wfsfaa.gov.hk/', 'page', 200, '2026-06-22T13:59:12.968Z', '') on conflict (url) do nothing;
insert into research.subsidy_source_audit (url, type, status, fetched_at, notes) values ('https://www.wfsfaa.gov.hk/en/resources/forms/form.htm', 'page', 200, '2026-06-22T13:59:14.093Z', '') on conflict (url) do nothing;
insert into research.subsidy_source_audit (url, type, status, fetched_at, notes) values ('https://www.wfsfaa.gov.hk/en/sfo/primarysecondary/tt/overview.php', 'page', 200, '2026-06-22T13:59:16.112Z', '') on conflict (url) do nothing;
insert into research.subsidy_source_audit (url, type, status, fetched_at, notes) values ('https://www.wfsfaa.gov.hk/en/sfo/preprimary/index.htm', 'page', null, '2026-06-22T13:59:54.677Z', 'scheme source: KCFRS') on conflict (url) do nothing;
insert into research.subsidy_source_audit (url, type, status, fetched_at, notes) values ('https://www.wfsfaa.gov.hk/wfao/en/index.htm', 'page', null, '2026-06-22T13:59:54.677Z', 'scheme source: WFA') on conflict (url) do nothing;
insert into research.subsidy_source_audit (url, type, status, fetched_at, notes) values ('https://www.swd.gov.hk/en/index/site_pubsvc/page_socsecu/sub_comprehens/', 'page', null, '2026-06-22T13:59:54.677Z', 'scheme source: CSSA') on conflict (url) do nothing;
insert into research.subsidy_source_audit (url, type, status, fetched_at, notes) values ('https://www.wfsfaa.gov.hk/en/wfao/wfas/forms.php', 'page', 200, '2026-06-22T13:59:18.397Z', '') on conflict (url) do nothing;
insert into research.subsidy_source_audit (url, type, status, fetched_at, notes) values ('https://www.wfsfaa.gov.hk/en/sfo/preprimary/kcfr/forms.php', 'page', 200, '2026-06-22T13:59:20.372Z', '') on conflict (url) do nothing;
insert into research.subsidy_source_audit (url, type, status, fetched_at, notes) values ('https://www.wfsfaa.gov.hk/en/sfo/primarysecondary/tt/forms.php', 'page', 200, '2026-06-22T13:59:22.199Z', '') on conflict (url) do nothing;
insert into research.subsidy_source_audit (url, type, status, fetched_at, notes) values ('https://www.wfsfaa.gov.hk/en/sfo/primarysecondary/faeaec/forms.php', 'page', 200, '2026-06-22T13:59:24.341Z', '') on conflict (url) do nothing;
insert into research.subsidy_source_audit (url, type, status, fetched_at, notes) values ('https://www.wfsfaa.gov.hk/en/sfo/primarysecondary/yjd/forms.php', 'page', 200, '2026-06-22T13:59:26.136Z', '') on conflict (url) do nothing;
insert into research.subsidy_source_audit (url, type, status, fetched_at, notes) values ('https://www.wfsfaa.gov.hk/wfao/pdf/WFA001B.pdf', 'pdf', 200, '2026-06-22T13:59:28.683Z', 'downloaded (490770 bytes)') on conflict (url) do nothing;
insert into research.subsidy_source_audit (url, type, status, fetched_at, notes) values ('https://www.wfsfaa.gov.hk/wfao/pdf/WFA200B.pdf', 'pdf', 200, '2026-06-22T13:59:30.371Z', 'downloaded (887138 bytes)') on conflict (url) do nothing;
insert into research.subsidy_source_audit (url, type, status, fetched_at, notes) values ('https://www.wfsfaa.gov.hk/wfao/pdf/WFA002B.pdf', 'pdf', 200, '2026-06-22T13:59:33.451Z', 'downloaded (445077 bytes)') on conflict (url) do nothing;
insert into research.subsidy_source_audit (url, type, status, fetched_at, notes) values ('https://www.wfsfaa.gov.hk/wfao/pdf/WFA004B.pdf', 'pdf', 200, '2026-06-22T13:59:35.166Z', 'downloaded (193246 bytes)') on conflict (url) do nothing;
insert into research.subsidy_source_audit (url, type, status, fetched_at, notes) values ('https://www.wfsfaa.gov.hk/wfao/pdf/WFA005B.pdf', 'pdf', 200, '2026-06-22T13:59:36.225Z', 'downloaded (249330 bytes)') on conflict (url) do nothing;
insert into research.subsidy_source_audit (url, type, status, fetched_at, notes) values ('https://www.wfsfaa.gov.hk/wfao/pdf/WFA006B.pdf', 'pdf', 200, '2026-06-22T13:59:38.569Z', 'downloaded (301901 bytes)') on conflict (url) do nothing;
insert into research.subsidy_source_audit (url, type, status, fetched_at, notes) values ('https://www.wfsfaa.gov.hk/wfao/pdf/WFA007B.pdf', 'pdf', 200, '2026-06-22T13:59:40.530Z', 'downloaded (8214568 bytes)') on conflict (url) do nothing;
insert into research.subsidy_source_audit (url, type, status, fetched_at, notes) values ('https://www.wfsfaa.gov.hk/wfao/pdf/WFA008B.pdf', 'pdf', 200, '2026-06-22T13:59:42.180Z', 'downloaded (552361 bytes)') on conflict (url) do nothing;
insert into research.subsidy_source_audit (url, type, status, fetched_at, notes) values ('https://www.wfsfaa.gov.hk/wfao/pdf/WFA009B.pdf', 'pdf', 200, '2026-06-22T13:59:44.153Z', 'downloaded (782867 bytes)') on conflict (url) do nothing;
insert into research.subsidy_source_audit (url, type, status, fetched_at, notes) values ('https://www.wfsfaa.gov.hk/wfao/pdf/WFA100B.pdf', 'pdf', 200, '2026-06-22T13:59:46.283Z', 'downloaded (375047 bytes)') on conflict (url) do nothing;

